Vurderingsfagkode;Vurderingsfagnavn;EnhetNavn;2022-23.Muntlig eksamen Snittkarakter;2022-23.Muntlig eksamen Antall elever;2022-23.Skriftlig eksamen Snittkarakter;2022-23.Skriftlig eksamen Antall elever;2022-23.Standpunkt Snittkarakter;2022-23.Standpunkt Antall elever;2023-24.Muntlig eksamen Snittkarakter;2023-24.Muntlig eksamen Antall elever;2023-24.Skriftlig eksamen Snittkarakter;2023-24.Skriftlig eksamen Antall elever;2023-24.Standpunkt Snittkarakter;2023-24.Standpunkt Antall elever;2024-25.Muntlig eksamen Snittkarakter;2024-25.Muntlig eksamen Antall elever;2024-25.Skriftlig eksamen Snittkarakter;2024-25.Skriftlig eksamen Antall elever;2024-25.Standpunkt Snittkarakter;2024-25.Standpunkt Antall elever
AKT2004;Administrasjon;Alle skoler;;;;;3,9;19;;;;;3,5;8;;;;;3,6;13
AKT2004;Administrasjon;Alle skoler;;;;;3,9;19;;;;;3,5;8;;;;;3,6;13
AKT2005;Kommunikasjon og samhandling;Alle skoler;;;;;3,8;20;;;;;3,5;8;;;;;3,6;13
AKT2005;Kommunikasjon og samhandling;Alle skoler;;;;;3,8;20;;;;;3,5;8;;;;;3,6;13
AKT2006;Yrkesliv i aktivitørfag;Alle skoler;;;;;3,7;19;;;;;3,5;8;;;;;3,8;13
AKT2006;Yrkesliv i aktivitørfag;Alle skoler;;;;;3,7;19;;;;;3,5;8;;;;;3,8;13
AKT2007;Tverrfaglig eksamen aktivitør;Alle skoler;4,1;18;;;;;4,1;8;;;;;3,7;12;;;;
AKT2007;Tverrfaglig eksamen aktivitør;Alle skoler;4,1;18;;;;;4,1;8;;;;;3,7;12;;;;
AMB2005;Ambulansemedisin;Alle skoler;;;;;4,7;405;;;;;4,7;409;;;;;4,6;408
AMB2005;Ambulansemedisin;Alle skoler;;;;;4,7;405;;;;;4,7;409;;;;;4,6;408
AMB2005;Ambulansemedisin;Alle skoler;;;;;4;32;;;;;4,3;33;;;;;4,1;32
AMB2005;Ambulansemedisin;Holtet videregående skole;;;;;4;32;;;;;4,3;33;;;;;;
AMB2005;Ambulansemedisin;Ulsrud videregående skole;;;;;;;;;;;;;;;;;4,1;32
AMB2006;Kommunikasjon og samhandling;Alle skoler;;;;;4,8;390;;;;;4,8;394;;;;;4,8;392
AMB2006;Kommunikasjon og samhandling;Alle skoler;;;;;4,8;390;;;;;4,8;394;;;;;4,8;392
AMB2006;Kommunikasjon og samhandling;Alle skoler;;;;;4,3;16;;;;;4,8;18;;;;;4,4;16
AMB2006;Kommunikasjon og samhandling;Holtet videregående skole;;;;;4,3;16;;;;;4,8;18;;;;;;
AMB2006;Kommunikasjon og samhandling;Ulsrud videregående skole;;;;;;;;;;;;;;;;;4,4;16
AMB2007;Yrkesliv i ambulansefag;Alle skoler;;;;;4,7;392;;;;;4,8;409;;;;;4,7;392
AMB2007;Yrkesliv i ambulansefag;Alle skoler;;;;;4,7;392;;;;;4,8;409;;;;;4,7;392
AMB2007;Yrkesliv i ambulansefag;Alle skoler;;;;;4,1;16;;;;;4,4;16;;;;;4,3;16
AMB2007;Yrkesliv i ambulansefag;Holtet videregående skole;;;;;4,1;16;;;;;4,4;16;;;;;;
AMB2007;Yrkesliv i ambulansefag;Ulsrud videregående skole;;;;;;;;;;;;;;;;;4,3;16
AMB2008;Tverrfaglig eksamen ambulansefag;Alle skoler;4,4;382;;;;;4,6;405;;;;;4,4;388;;;;
AMB2008;Tverrfaglig eksamen ambulansefag;Alle skoler;4,4;382;;;;;4,6;405;;;;;4,4;388;;;;
AMB2008;Tverrfaglig eksamen ambulansefag;Alle skoler;4,3;16;;;;;4,8;16;;;;;4,2;15;;;;
AMB2008;Tverrfaglig eksamen ambulansefag;Holtet videregående skole;4,3;16;;;;;4,8;16;;;;;;;;;;
AMB2008;Tverrfaglig eksamen ambulansefag;Ulsrud videregående skole;;;;;;;;;;;;;4,2;15;;;;
APO3001;Helsefremmende arbeid;Alle skoler;;;;;;;;;;;;;;;;;*;*
APO3001;Helsefremmende arbeid;Alle skoler;;;;;;;;;;;;;;;;;*;*
APO3001;Helsefremmende arbeid;Alle skoler;;;;;;;;;;;;;;;;;*;*
APO3001;Helsefremmende arbeid;Ullern videregående skole;;;;;;;;;;;;;;;;;*;*
APO3004;Tverrfaglig eksamen, apotekteknikk;Alle skoler;3,2;11;;;;;;;;;;;;;;;;
APO3004;Tverrfaglig eksamen, apotekteknikk;Alle skoler;3,2;11;;;;;;;;;;;;;;;;
APO3005;Helseveiledning i apotek;Alle skoler;;;;;3,8;163;;;;;3,8;166;;;;;3,9;178
APO3005;Helseveiledning i apotek;Alle skoler;;;;;3,8;163;;;;;3,8;166;;;;;3,9;178
APO3005;Helseveiledning i apotek;Alle skoler;;;;;4,6;18;;;;;4;12;;;;;4,4;33
APO3005;Helseveiledning i apotek;Ullern videregående skole;;;;;4,6;18;;;;;4;12;;;;;4,4;33
APO3006;Kommunikasjon og samhandling;Alle skoler;;;;;3,9;164;;;;;3,9;166;;;;;4;177
APO3006;Kommunikasjon og samhandling;Alle skoler;;;;;3,9;164;;;;;3,9;166;;;;;4;177
APO3006;Kommunikasjon og samhandling;Alle skoler;;;;;4,5;18;;;;;3,9;12;;;;;4,5;32
APO3006;Kommunikasjon og samhandling;Ullern videregående skole;;;;;4,5;18;;;;;3,9;12;;;;;4,5;32
APO3007;Yrkesliv i apotekteknikkfaget;Alle skoler;;;;;4;161;;;;;4;165;;;;;4;177
APO3007;Yrkesliv i apotekteknikkfaget;Alle skoler;;;;;4;161;;;;;4;165;;;;;4;177
APO3007;Yrkesliv i apotekteknikkfaget;Alle skoler;;;;;4,9;18;;;;;4,1;12;;;;;4,7;32
APO3007;Yrkesliv i apotekteknikkfaget;Ullern videregående skole;;;;;4,9;18;;;;;4,1;12;;;;;4,7;32
APO3008;Tverrfaglig eksamen, apotekteknikk;Alle skoler;3,4;198;;;;;3,7;181;;;;;3,7;188;;;;
APO3008;Tverrfaglig eksamen, apotekteknikk;Alle skoler;3,4;198;;;;;3,7;181;;;;;3,7;188;;;;
APO3008;Tverrfaglig eksamen, apotekteknikk;Alle skoler;3,3;33;;;;;3,8;26;;;;;4,9;32;;;;
APO3008;Tverrfaglig eksamen, apotekteknikk;Oslo voksenopplæring Sinsen;2,9;16;;;;;4,1;14;;;;;;;;;;
APO3008;Tverrfaglig eksamen, apotekteknikk;Ullern videregående skole;3,6;17;;;;;3,4;12;;;;;4,9;32;;;;
AUT2004;Automatiseringssystemer;Alle skoler;;;;;4,2;598;;;;;4,2;656;;;;;4,2;665
AUT2004;Automatiseringssystemer;Alle skoler;;;;;4,2;598;;;;;4,2;656;;;;;4,2;665
AUT2004;Automatiseringssystemer;Alle skoler;;;;;4,2;32;;;;;3,5;29;;;;;4,3;31
AUT2004;Automatiseringssystemer;Kuben videregående skole;;;;;4,2;32;;;;;3,5;29;;;;;4,3;31
AUT2005;Elenergisystemer;Alle skoler;;;;;4,1;606;;;;;4,1;657;;;;;4,2;665
AUT2005;Elenergisystemer;Alle skoler;;;;;4,1;606;;;;;4,1;657;;;;;4,2;665
AUT2005;Elenergisystemer;Alle skoler;;;;;3,9;32;;;;;3;29;;;;;4,9;30
AUT2005;Elenergisystemer;Kuben videregående skole;;;;;3,9;32;;;;;3;29;;;;;4,9;30
AUT2006;Tverrfaglig eksamen i automatisering;Alle skoler;4,1;602;;;;;4,2;646;;;;;4,1;653;;;;
AUT2006;Tverrfaglig eksamen i automatisering;Alle skoler;4,1;602;;;;;4,2;646;;;;;4,1;653;;;;
AUT2006;Tverrfaglig eksamen i automatisering;Alle skoler;3,5;32;;;;;3,3;22;;;;;4;32;;;;
AUT2006;Tverrfaglig eksamen i automatisering;Kuben videregående skole;3,5;32;;;;;3,3;22;;;;;4;32;;;;
AUT3005;Automatiseringssystemer;Alle skoler;;;;;4,1;467;;;;;4;460;;;;;4,2;501
AUT3005;Automatiseringssystemer;Alle skoler;;;;;4,1;467;;;;;4;460;;;;;4,2;501
AUT3005;Automatiseringssystemer;Alle skoler;;;;;3,4;8;;;;;3,5;10;;;;;*;*
AUT3005;Automatiseringssystemer;Kuben videregående skole;;;;;3,4;8;;;;;3,5;10;;;;;*;*
AUT3006;Elenergisystemer;Alle skoler;;;;;4;468;;;;;4;457;;;;;4,2;503
AUT3006;Elenergisystemer;Alle skoler;;;;;4;468;;;;;4;457;;;;;4,2;503
AUT3006;Elenergisystemer;Alle skoler;;;;;4,3;8;;;;;3,9;10;;;;;*;*
AUT3006;Elenergisystemer;Kuben videregående skole;;;;;4,3;8;;;;;3,9;10;;;;;*;*
AUT3007;Mekanisk arbeid;Alle skoler;;;;;4,3;468;;;;;4,4;460;;;;;4,6;504
AUT3007;Mekanisk arbeid;Alle skoler;;;;;4,3;468;;;;;4,4;460;;;;;4,6;504
AUT3007;Mekanisk arbeid;Alle skoler;;;;;4,1;7;;;;;4,4;10;;;;;*;*
AUT3007;Mekanisk arbeid;Kuben videregående skole;;;;;4,1;7;;;;;4,4;10;;;;;*;*
AUT3103;Automatiseringsfaget, skriftlig;Alle skoler;;;2,9;453;;;;;2,4;460;;;;;2,7;503;;
AUT3103;Automatiseringsfaget, skriftlig;Alle skoler;;;2,9;453;;;;;2,4;460;;;;;2,7;503;;
AUT3103;Automatiseringsfaget, skriftlig;Alle skoler;;;2,1;8;;;;;3,2;10;;;;;*;*;;
AUT3103;Automatiseringsfaget, skriftlig;Kuben videregående skole;;;2,1;8;;;;;3,2;10;;;;;*;*;;
AVI3002;Luftfartøysystemer, part 66-13;Alle skoler;;;3,3;13;;;;;*;*;;;;;;;;
AVI3002;Luftfartøysystemer, part 66-13;Alle skoler;;;3,3;13;;;;;*;*;;;;;;;;
AVI3003;Luftfartøysystemer, part 66-14;Alle skoler;;;*;*;;;;;;;;;;;;;;
AVI3003;Luftfartøysystemer, part 66-14;Alle skoler;;;*;*;;;;;;;;;;;;;;
AVI3005;Teknisk vedlikehold 2, part 66-7B2;Alle skoler;;;3,6;24;;;;;;;;;;;;;;
AVI3005;Teknisk vedlikehold 2, part 66-7B2;Alle skoler;;;3,6;24;;;;;;;;;;;;;;
AVI3006;Teknisk vedlikehold 2, part 66-7B2E1;Alle skoler;;;4,1;8;;;;;;;;;;;;;;
AVI3006;Teknisk vedlikehold 2, part 66-7B2E1;Alle skoler;;;4,1;8;;;;;;;;;;;;;;
AVI3007;Teknisk vedlikehold 2, part 66-7B2E2;Alle skoler;;;4;8;;;;;;;;;;;;;;
AVI3007;Teknisk vedlikehold 2, part 66-7B2E2;Alle skoler;;;4;8;;;;;;;;;;;;;;
AVI3008;Teknisk vedlikehold 2, part 66-9;Alle skoler;;;4,3;7;;;;;;;;;;;;;;
AVI3008;Teknisk vedlikehold 2, part 66-9;Alle skoler;;;4,3;7;;;;;;;;;;;;;;
AVI3009;Teknisk vedlikehold 2, part 66-9E;Alle skoler;;;3,7;7;;;;;;;;;;;;;;
AVI3009;Teknisk vedlikehold 2, part 66-9E;Alle skoler;;;3,7;7;;;;;;;;;;;;;;
AVI3010;Teknisk vedlikehold 2, part 66-10;Alle skoler;;;4,2;13;;;;;;;;;;;;;;
AVI3010;Teknisk vedlikehold 2, part 66-10;Alle skoler;;;4,2;13;;;;;;;;;;;;;;
AVI3011;Teknisk vedlikehold 2, part 66-10E;Alle skoler;;;3,8;14;;;;;;;;;;;;;;
AVI3011;Teknisk vedlikehold 2, part 66-10E;Alle skoler;;;3,8;14;;;;;;;;;;;;;;
AVI3012;Luftfartøysystemer;Alle skoler;;;;;4,5;34;;;;;4,3;37;;;;;4,2;39
AVI3012;Luftfartøysystemer;Alle skoler;;;;;4,5;34;;;;;4,3;37;;;;;4,2;39
AVI3013;Luftfartøysystemer, part 66-13 (B2);Alle skoler;;;3,6;43;;;;;3,7;55;;;;;3,6;64;;
AVI3013;Luftfartøysystemer, part 66-13 (B2);Alle skoler;;;3,6;43;;;;;3,7;55;;;;;3,6;64;;
AVI3014;Luftfartøysystemer, part 66-14 (B2);Alle skoler;;;4,1;44;;;;;4,3;49;;;;;4,2;60;;
AVI3014;Luftfartøysystemer, part 66-14 (B2);Alle skoler;;;4,1;44;;;;;4,3;49;;;;;4,2;60;;
AVI3015;Vedlikeholdsteknikk;Alle skoler;;;;;4,8;35;;;;;4,5;38;;;;;4,6;39
AVI3015;Vedlikeholdsteknikk;Alle skoler;;;;;4,8;35;;;;;4,5;38;;;;;4,6;39
AVI3016;Vedlikeholdsteknikk, part 66-7A(B2);Alle skoler;;;3,4;38;;;;;3,6;62;;;;;4;44;;
AVI3016;Vedlikeholdsteknikk, part 66-7A(B2);Alle skoler;;;3,4;38;;;;;3,6;62;;;;;4;44;;
AVI3017;Vedlikeholdsteknikk, part 66-7A Essay 1(B2);Alle skoler;;;3,9;34;;;;;3,5;50;;;;;4;59;;
AVI3017;Vedlikeholdsteknikk, part 66-7A Essay 1(B2);Alle skoler;;;3,9;34;;;;;3,5;50;;;;;4;59;;
AVI3018;Vedlikeholdsteknikk, part 66-7A Essay 2(B2);Alle skoler;;;3,7;34;;;;;4;50;;;;;3,8;59;;
AVI3018;Vedlikeholdsteknikk, part 66-7A Essay 2(B2);Alle skoler;;;3,7;34;;;;;4;50;;;;;3,8;59;;
AVI3019;Flysikkerhet;Alle skoler;;;;;4,5;35;;;;;4,7;37;;;;;4,8;39
AVI3019;Flysikkerhet;Alle skoler;;;;;4,5;35;;;;;4,7;37;;;;;4,8;39
AVI3020;Flysikkerhet, part 66-9A(B1B2);Alle skoler;;;4,7;35;;;;;4,9;44;;;;;4,9;39;;
AVI3020;Flysikkerhet, part 66-9A(B1B2);Alle skoler;;;4,7;35;;;;;4,9;44;;;;;4,9;39;;
AVI3021;Flysikkerhet, part 66-9A Essay(B1B2);Alle skoler;;;4,3;34;;;;;4,3;47;;;;;;;;
AVI3021;Flysikkerhet, part 66-9A Essay(B1B2);Alle skoler;;;4,3;34;;;;;4,3;47;;;;;;;;
AVI3022;Flysikkerhet, part 66-10(B1B2);Alle skoler;;;4;30;;;;;4,3;48;;;;;3,9;69;;
AVI3022;Flysikkerhet, part 66-10(B1B2);Alle skoler;;;4;30;;;;;4,3;48;;;;;3,9;69;;
AVI3023;Flysikkerhet, part 66-10 Essay(B1B2);Alle skoler;;;3,3;29;;;;;3,9;46;;;;;;;;
AVI3023;Flysikkerhet, part 66-10 Essay(B1B2);Alle skoler;;;3,3;29;;;;;3,9;46;;;;;;;;
BAK2001;Råvare, produksjon og kvalitet;Alle skoler;;;;;4,1;164;;;;;4,3;166;;;;;4,3;147
BAK2001;Råvare, produksjon og kvalitet;Alle skoler;;;;;4,1;164;;;;;4,3;166;;;;;4,3;147
BAK2001;Råvare, produksjon og kvalitet;Alle skoler;;;;;4,3;8;;;;;4;12;;;;;4,2;13
BAK2001;Råvare, produksjon og kvalitet;Etterstad videregående skole;;;;;4,3;8;;;;;4;12;;;;;4,2;13
BAK2002;Bransje og arbeidsliv;Alle skoler;;;;;4;164;;;;;4,1;165;;;;;4,1;149
BAK2002;Bransje og arbeidsliv;Alle skoler;;;;;4;164;;;;;4,1;165;;;;;4,1;149
BAK2002;Bransje og arbeidsliv;Alle skoler;;;;;3,9;8;;;;;3,9;12;;;;;3,4;13
BAK2002;Bransje og arbeidsliv;Etterstad videregående skole;;;;;3,9;8;;;;;3,9;12;;;;;3,4;13
BAK2003;Tverrfaglig eksamen baker og konditor;Alle skoler;4,3;160;;;;;4,3;163;;;;;4,4;147;;;;
BAK2003;Tverrfaglig eksamen baker og konditor;Alle skoler;4,3;160;;;;;4,3;163;;;;;4,4;147;;;;
BAK2003;Tverrfaglig eksamen baker og konditor;Alle skoler;3,5;8;;;;;4,3;12;;;;;4,1;13;;;;
BAK2003;Tverrfaglig eksamen baker og konditor;Etterstad videregående skole;3,5;8;;;;;4,3;12;;;;;4,1;13;;;;
BUA2005;Pedagogisk arbeid;Alle skoler;;;;;4,4;2 473;;;;;4,3;2 373;;;;;4,4;2 325
BUA2005;Pedagogisk arbeid;Alle skoler;;;;;4,4;2 473;;;;;4,3;2 373;;;;;4,4;2 325
BUA2005;Pedagogisk arbeid;Alle skoler;;;;;4,2;168;;;;;4;175;;;;;4,2;160
BUA2005;Pedagogisk arbeid;Holtet videregående skole;;;;;4,3;24;;;;;3,7;23;;;;;;
BUA2005;Pedagogisk arbeid;Kuben videregående skole;;;;;3,9;32;;;;;4,1;27;;;;;4;41
BUA2005;Pedagogisk arbeid;Nydalen videregående skole;;;;;4,9;34;;;;;4,6;34;;;;;4,9;37
BUA2005;Pedagogisk arbeid;Oslo voksenopplæring Helsfyr;;;;;;;;;;;;;;;;;*;*
BUA2005;Pedagogisk arbeid;Stovner videregående skole;;;;;3,7;24;;;;;3,4;32;;;;;*;*
BUA2005;Pedagogisk arbeid;Ulsrud videregående skole;;;;;4,2;54;;;;;3,9;59;;;;;4;54
BUA2006;Kommunikasjon og samhandling;Alle skoler;;;;;4,3;2 462;;;;;4,3;2 401;;;;;4,4;2 305
BUA2006;Kommunikasjon og samhandling;Alle skoler;;;;;4,3;2 462;;;;;4,3;2 401;;;;;4,4;2 305
BUA2006;Kommunikasjon og samhandling;Alle skoler;;;;;4,3;167;;;;;4;173;;;;;4,1;161
BUA2006;Kommunikasjon og samhandling;Holtet videregående skole;;;;;4,4;23;;;;;3,9;22;;;;;;
BUA2006;Kommunikasjon og samhandling;Kuben videregående skole;;;;;4;32;;;;;4,2;27;;;;;3,9;41
BUA2006;Kommunikasjon og samhandling;Nydalen videregående skole;;;;;4,9;34;;;;;4,7;34;;;;;4,8;37
BUA2006;Kommunikasjon og samhandling;Oslo voksenopplæring Helsfyr;;;;;;;;;;;;;;;;;*;*
BUA2006;Kommunikasjon og samhandling;Stovner videregående skole;;;;;3,9;24;;;;;3,3;32;;;;;*;*
BUA2006;Kommunikasjon og samhandling;Ulsrud videregående skole;;;;;4,1;54;;;;;4,1;58;;;;;3,7;55
BUA2007;Yrkesliv i barne- og ungdomsarbeiderfag;Alle skoler;;;;;4,3;2 441;;;;;4,3;2 408;;;;;4,4;2 298
BUA2007;Yrkesliv i barne- og ungdomsarbeiderfag;Alle skoler;;;;;4,3;2 441;;;;;4,3;2 408;;;;;4,4;2 298
BUA2007;Yrkesliv i barne- og ungdomsarbeiderfag;Alle skoler;;;;;4,2;168;;;;;3,8;175;;;;;4,2;160
BUA2007;Yrkesliv i barne- og ungdomsarbeiderfag;Holtet videregående skole;;;;;4;24;;;;;3,6;24;;;;;;
BUA2007;Yrkesliv i barne- og ungdomsarbeiderfag;Kuben videregående skole;;;;;4,3;32;;;;;4;27;;;;;4;41
BUA2007;Yrkesliv i barne- og ungdomsarbeiderfag;Nydalen videregående skole;;;;;5;34;;;;;4,8;34;;;;;4,6;37
BUA2007;Yrkesliv i barne- og ungdomsarbeiderfag;Oslo voksenopplæring Helsfyr;;;;;;;;;;;;;;;;;*;*
BUA2007;Yrkesliv i barne- og ungdomsarbeiderfag;Stovner videregående skole;;;;;3,3;23;;;;;3,1;32;;;;;*;*
BUA2007;Yrkesliv i barne- og ungdomsarbeiderfag;Ulsrud videregående skole;;;;;4,3;55;;;;;3,7;58;;;;;3,9;54
BUA2008;Tverrfaglig eksamen barne- og ungdomsarbeiderfag;Alle skoler;4,5;2 584;;;;;4,5;2 310;;;;;4,5;2 276;;;;
BUA2008;Tverrfaglig eksamen barne- og ungdomsarbeiderfag;Alle skoler;4,5;2 584;;;;;4,5;2 310;;;;;4,5;2 276;;;;
BUA2008;Tverrfaglig eksamen barne- og ungdomsarbeiderfag;Alle skoler;4,2;187;;;;;4,1;157;;;;;4;148;;;;
BUA2008;Tverrfaglig eksamen barne- og ungdomsarbeiderfag;Holtet videregående skole;3,9;23;;;;;4,1;23;;;;;;;;;;
BUA2008;Tverrfaglig eksamen barne- og ungdomsarbeiderfag;Kuben videregående skole;4,3;31;;;;;4,3;27;;;;;3,7;41;;;;
BUA2008;Tverrfaglig eksamen barne- og ungdomsarbeiderfag;Nydalen videregående skole;4,8;34;;;;;4,5;33;;;;;4,8;37;;;;
BUA2008;Tverrfaglig eksamen barne- og ungdomsarbeiderfag;Oslo voksenopplæring Helsfyr;;;;;;;;;;;;;3,8;6;;;;
BUA2008;Tverrfaglig eksamen barne- og ungdomsarbeiderfag;Oslo voksenopplæring Sinsen;3,9;39;;;;;;;;;;;;;;;;
BUA2008;Tverrfaglig eksamen barne- og ungdomsarbeiderfag;Stovner videregående skole;3,6;24;;;;;3,5;32;;;;;3,5;27;;;;
BUA2008;Tverrfaglig eksamen barne- og ungdomsarbeiderfag;Ulsrud videregående skole;4,6;36;;;;;4,2;42;;;;;3,9;37;;;;
BUA3102;Barne- og ungdomsarbeiderfaget, skriftlig;Alle skoler;;;;;;;;;*;*;;;;;;;;
BUA3102;Barne- og ungdomsarbeiderfaget, skriftlig;Alle skoler;;;;;;;;;*;*;;;;;;;;
BUA3103;Barne- og ungdomsarbeiderfaget, skriftlig;Alle skoler;;;;;;;;;*;*;;;;;*;*;;
BUA3103;Barne- og ungdomsarbeiderfaget, skriftlig;Alle skoler;;;;;;;;;*;*;;;;;*;*;;
BUA3103;Barne- og ungdomsarbeiderfaget, skriftlig;Alle skoler;;;;;;;;;;;;;;;*;*;;
BUA3103;Barne- og ungdomsarbeiderfaget, skriftlig;Etterstad videregående skole;;;;;;;;;;;;;;;*;*;;
DAT3004;Installering og drift;Alle skoler;;;;;3,9;177;;;;;4;132;;;;;4;117
DAT3004;Installering og drift;Alle skoler;;;;;3,9;177;;;;;4;132;;;;;4;117
DAT3004;Installering og drift;Alle skoler;;;;;3,8;25;;;;;4,3;17;;;;;4,6;12
DAT3004;Installering og drift;Kuben videregående skole;;;;;3,8;25;;;;;4,3;17;;;;;4,6;12
DAT3005;Reparasjon og vedlikehold;Alle skoler;;;;;3,8;179;;;;;4;132;;;;;3,9;116
DAT3005;Reparasjon og vedlikehold;Alle skoler;;;;;3,8;179;;;;;4;132;;;;;3,9;116
DAT3005;Reparasjon og vedlikehold;Alle skoler;;;;;3,9;25;;;;;4,2;17;;;;;4,3;12
DAT3005;Reparasjon og vedlikehold;Kuben videregående skole;;;;;3,9;25;;;;;4,2;17;;;;;4,3;12
DAT3103;Dataelektronikerfaget, skriftlig;Alle skoler;;;2,8;179;;;;;2,8;129;;;;;2,4;118;;
DAT3103;Dataelektronikerfaget, skriftlig;Alle skoler;;;2,8;179;;;;;2,8;129;;;;;2,4;118;;
DAT3103;Dataelektronikerfaget, skriftlig;Alle skoler;;;2,7;25;;;;;2,7;18;;;;;2,5;12;;
DAT3103;Dataelektronikerfaget, skriftlig;Kuben videregående skole;;;2,7;25;;;;;2,7;18;;;;;2,5;12;;
DEL2004;Elektroniske kretser og utstyr;Alle skoler;;;;;4;510;;;;;3,9;468;;;;;4,1;455
DEL2004;Elektroniske kretser og utstyr;Alle skoler;;;;;4;510;;;;;3,9;468;;;;;4,1;455
DEL2004;Elektroniske kretser og utstyr;Alle skoler;;;;;4;56;;;;;3,6;49;;;;;3,9;46
DEL2004;Elektroniske kretser og utstyr;Elvebakken videregående skole;;;;;4,7;15;;;;;;;;;;;;
DEL2004;Elektroniske kretser og utstyr;Etterstad videregående skole;;;;;*;*;;;;;3,5;13;;;;;3,5;14
DEL2004;Elektroniske kretser og utstyr;Kuben videregående skole;;;;;4;27;;;;;4;23;;;;;4,3;16
DEL2004;Elektroniske kretser og utstyr;Ullern videregående skole;;;;;*;*;;;;;2,9;13;;;;;3,9;16
DEL2005;Data- og informasjonsteknologi;Alle skoler;;;;;4,1;521;;;;;4;466;;;;;4,1;441
DEL2005;Data- og informasjonsteknologi;Alle skoler;;;;;4,1;521;;;;;4;466;;;;;4,1;441
DEL2005;Data- og informasjonsteknologi;Alle skoler;;;;;3,9;58;;;;;3,6;49;;;;;3,7;45
DEL2005;Data- og informasjonsteknologi;Elvebakken videregående skole;;;;;5,3;15;;;;;;;;;;;;
DEL2005;Data- og informasjonsteknologi;Etterstad videregående skole;;;;;*;*;;;;;3,5;13;;;;;3,3;13
DEL2005;Data- og informasjonsteknologi;Kuben videregående skole;;;;;3,9;27;;;;;3,9;23;;;;;4,3;16
DEL2005;Data- og informasjonsteknologi;Ullern videregående skole;;;;;*;*;;;;;3,2;13;;;;;3,4;16
DEL2006;Tverrfaglig eksamen datateknologi og elektronikk;Alle skoler;4,1;516;;;;;3,8;465;;;;;3,9;440;;;;
DEL2006;Tverrfaglig eksamen datateknologi og elektronikk;Alle skoler;4,1;516;;;;;3,8;465;;;;;3,9;440;;;;
DEL2006;Tverrfaglig eksamen datateknologi og elektronikk;Alle skoler;4,1;55;;;;;3,3;50;;;;;3,7;43;;;;
DEL2006;Tverrfaglig eksamen datateknologi og elektronikk;Elvebakken videregående skole;5,3;15;;;;;;;;;;;;;;;;
DEL2006;Tverrfaglig eksamen datateknologi og elektronikk;Etterstad videregående skole;*;*;;;;;2,9;13;;;;;2,8;12;;;;
DEL2006;Tverrfaglig eksamen datateknologi og elektronikk;Kuben videregående skole;3,7;27;;;;;3,5;23;;;;;4;16;;;;
DEL2006;Tverrfaglig eksamen datateknologi og elektronikk;Ullern videregående skole;*;*;;;;;3,4;14;;;;;3,9;15;;;;
DRF2001;Operasjon og sikkerhet;Alle skoler;;;;;;;;;;;;;;;;;4,1;62
DRF2001;Operasjon og sikkerhet;Alle skoler;;;;;;;;;;;;;;;;;4,1;62
DRF2001;Operasjon og sikkerhet;Alle skoler;;;;;;;;;;;;;;;;;4,3;9
DRF2001;Operasjon og sikkerhet;Bjørnholt videregående skole;;;;;;;;;;;;;;;;;4,3;9
DRF2002;Nyttelast, sensorer og bearbeiding av data;Alle skoler;;;;;;;;;;;;;;;;;4,1;62
DRF2002;Nyttelast, sensorer og bearbeiding av data;Alle skoler;;;;;;;;;;;;;;;;;4,1;62
DRF2002;Nyttelast, sensorer og bearbeiding av data;Alle skoler;;;;;;;;;;;;;;;;;4,2;9
DRF2002;Nyttelast, sensorer og bearbeiding av data;Bjørnholt videregående skole;;;;;;;;;;;;;;;;;4,2;9
DRF2003;Tverrfaglig eksamen dronefag;Alle skoler;;;;;;;;;;;;;4;62;;;;
DRF2003;Tverrfaglig eksamen dronefag;Alle skoler;;;;;;;;;;;;;4;62;;;;
DRF2003;Tverrfaglig eksamen dronefag;Alle skoler;;;;;;;;;;;;;3;9;;;;
DRF2003;Tverrfaglig eksamen dronefag;Bjørnholt videregående skole;;;;;;;;;;;;;3;9;;;;
ELE1006;Elektroniske kretser og nettverk;Alle skoler;;;;;4,1;4 450;;;;;4,1;4 554;;;;;4,1;4 812
ELE1006;Elektroniske kretser og nettverk;Alle skoler;;;;;4,1;4 450;;;;;4,1;4 554;;;;;4,1;4 812
ELE1006;Elektroniske kretser og nettverk;Alle skoler;;;;;3,9;295;;;;;3,7;282;;;;;3,7;295
ELE1006;Elektroniske kretser og nettverk;Bjørnholt videregående skole;;;;;3,3;51;;;;;3,3;50;;;;;3;62
ELE1006;Elektroniske kretser og nettverk;Elvebakken videregående skole;;;;;4,5;78;;;;;4,4;76;;;;;4,5;75
ELE1006;Elektroniske kretser og nettverk;Etterstad videregående skole;;;;;3,8;44;;;;;2,8;44;;;;;3,1;39
ELE1006;Elektroniske kretser og nettverk;Kuben videregående skole;;;;;3,9;91;;;;;3,8;84;;;;;4;89
ELE1006;Elektroniske kretser og nettverk;Ullern videregående skole;;;;;3,7;31;;;;;3,9;28;;;;;3,6;30
ELE1007;Energi og styresystemer;Alle skoler;;;;;4,1;4 450;;;;;4;4 549;;;;;4,1;4 803
ELE1007;Energi og styresystemer;Alle skoler;;;;;4,1;4 450;;;;;4;4 549;;;;;4,1;4 803
ELE1007;Energi og styresystemer;Alle skoler;;;;;3,8;295;;;;;3,8;283;;;;;3,8;295
ELE1007;Energi og styresystemer;Bjørnholt videregående skole;;;;;3,4;51;;;;;3,3;50;;;;;3,1;61
ELE1007;Energi og styresystemer;Elvebakken videregående skole;;;;;4,5;78;;;;;4,5;77;;;;;4,3;75
ELE1007;Energi og styresystemer;Etterstad videregående skole;;;;;3,7;44;;;;;2,9;44;;;;;3,2;39
ELE1007;Energi og styresystemer;Kuben videregående skole;;;;;3,6;91;;;;;3,8;82;;;;;4,1;91
ELE1007;Energi og styresystemer;Ullern videregående skole;;;;;3,5;31;;;;;3,8;30;;;;;3,8;29
ELE2005;Elenergi og styresystemer;Alle skoler;;;;;4;2 528;;;;;4,1;2 606;;;;;4,1;2 703
ELE2005;Elenergi og styresystemer;Alle skoler;;;;;4;2 528;;;;;4,1;2 606;;;;;4,1;2 703
ELE2005;Elenergi og styresystemer;Alle skoler;;;;;3,6;171;;;;;3,8;165;;;;;3,8;186
ELE2005;Elenergi og styresystemer;Bjørnholt videregående skole;;;;;3,3;44;;;;;3;40;;;;;3;45
ELE2005;Elenergi og styresystemer;Elvebakken videregående skole;;;;;4,4;46;;;;;4,6;47;;;;;4,4;61
ELE2005;Elenergi og styresystemer;Etterstad videregående skole;;;;;3,2;32;;;;;3,6;30;;;;;3,8;33
ELE2005;Elenergi og styresystemer;Kuben videregående skole;;;;;3,3;33;;;;;3,8;33;;;;;3,6;32
ELE2005;Elenergi og styresystemer;Ullern videregående skole;;;;;3,8;16;;;;;4;15;;;;;4,1;15
ELE2006;Elektronisk kommunikasjon;Alle skoler;;;;;4;2 544;;;;;4,1;2 603;;;;;4,1;2 701
ELE2006;Elektronisk kommunikasjon;Alle skoler;;;;;4;2 544;;;;;4,1;2 603;;;;;4,1;2 701
ELE2006;Elektronisk kommunikasjon;Alle skoler;;;;;3,9;172;;;;;4,1;164;;;;;4,1;185
ELE2006;Elektronisk kommunikasjon;Bjørnholt videregående skole;;;;;3,6;45;;;;;3,5;39;;;;;3;44
ELE2006;Elektronisk kommunikasjon;Elvebakken videregående skole;;;;;4,6;46;;;;;5,2;47;;;;;5,1;61
ELE2006;Elektronisk kommunikasjon;Etterstad videregående skole;;;;;*;*;;;;;3,5;30;;;;;3,9;33
ELE2006;Elektronisk kommunikasjon;Kuben videregående skole;;;;;3,6;33;;;;;3,7;33;;;;;4;32
ELE2006;Elektronisk kommunikasjon;Ullern videregående skole;;;;;*;*;;;;;4,1;15;;;;;4,1;15
ELE2007;Tverrfaglig eksamen elenergi og ekom;Alle skoler;3,9;2 520;;;;;4;2 607;;;;;3,9;2 687;;;;
ELE2007;Tverrfaglig eksamen elenergi og ekom;Alle skoler;3,9;2 520;;;;;4;2 607;;;;;3,9;2 687;;;;
ELE2007;Tverrfaglig eksamen elenergi og ekom;Alle skoler;3,5;171;;;;;3,7;166;;;;;3,6;185;;;;
ELE2007;Tverrfaglig eksamen elenergi og ekom;Bjørnholt videregående skole;3;45;;;;;2,8;38;;;;;2,9;44;;;;
ELE2007;Tverrfaglig eksamen elenergi og ekom;Elvebakken videregående skole;4,6;45;;;;;4,6;49;;;;;4,4;61;;;;
ELE2007;Tverrfaglig eksamen elenergi og ekom;Etterstad videregående skole;2,5;32;;;;;3,3;30;;;;;2,9;33;;;;
ELE2007;Tverrfaglig eksamen elenergi og ekom;Kuben videregående skole;3,1;33;;;;;3,6;33;;;;;3,8;32;;;;
ELE2007;Tverrfaglig eksamen elenergi og ekom;Ullern videregående skole;4,1;16;;;;;*;*;;;;;4,1;15;;;;
ELE2007;Tverrfaglig eksamen elenergi og ekom;Valle Hovin videregående skole;;;;;;;*;*;;;;;;;;;;
ELE3002;Elektrikerfaget, skriftlig;Alle skoler;;;2,6;26;;;;;;;;;;;;;;
ELE3002;Elektrikerfaget, skriftlig;Alle skoler;;;2,6;26;;;;;;;;;;;;;;
ELE3103;Elektrikerfaget, skriftlig;Alle skoler;;;2,2;15;;;;;2,7;44;;;;;2,8;46;;
ELE3103;Elektrikerfaget, skriftlig;Alle skoler;;;2,2;15;;;;;2,7;44;;;;;2,8;46;;
ELE3103;Elektrikerfaget, skriftlig;Alle skoler;;;*;*;;;;;;;;;;;;;;
ELE3103;Elektrikerfaget, skriftlig;Elvebakken videregående skole;;;*;*;;;;;;;;;;;;;;
ENG1009;Engelsk vg1 yrkesfaglige utdanningsprogram;Alle skoler;;;3,4;1 952;3,9;27 945;;;3,4;2 034;3,8;27 968;;;3,4;2 323;3,9;29 860
ENG1009;Engelsk vg1 yrkesfaglige utdanningsprogram;Alle skoler;;;3,4;1 952;3,9;27 945;;;3,4;2 034;3,8;27 968;;;3,4;2 323;3,9;29 860
ENG1009;Engelsk vg1 yrkesfaglige utdanningsprogram;Alle skoler;;;3,5;79;3,8;1 453;;;3,2;52;3,9;1 374;;;3,5;94;4;1 422
ENG1009;Engelsk vg1 yrkesfaglige utdanningsprogram;Akademiet Norsk restaurantskole Sti;;;;;*;*;;;;;*;*;;;;;3,5;27
ENG1009;Engelsk vg1 yrkesfaglige utdanningsprogram;Akademiet Oslo AS;;;;;5;22;;;*;*;4,8;20;;;;;4,7;23
ENG1009;Engelsk vg1 yrkesfaglige utdanningsprogram;Bjørnholt videregående skole;;;*;*;3,4;78;;;2,9;10;3,5;74;;;*;*;4,1;94
ENG1009;Engelsk vg1 yrkesfaglige utdanningsprogram;Edvard Munch videregående skole;;;3,2;12;3,9;68;;;;;4,1;63;;;*;*;4,1;63
ENG1009;Engelsk vg1 yrkesfaglige utdanningsprogram;Eikelund videregående skole;;;;;*;*;;;;;*;*;;;;;*;*
ENG1009;Engelsk vg1 yrkesfaglige utdanningsprogram;Elvebakken videregående skole;;;*;*;4,8;124;;;;;4,5;105;;;;;4,9;103
ENG1009;Engelsk vg1 yrkesfaglige utdanningsprogram;Etterstad videregående skole;;;2,3;6;3,2;152;;;2,8;15;3,3;165;;;2,9;19;3,5;214
ENG1009;Engelsk vg1 yrkesfaglige utdanningsprogram;Fyrstikkalleen skole;;;;;4,2;39;;;;;4,5;41;;;4,4;8;4,6;39
ENG1009;Engelsk vg1 yrkesfaglige utdanningsprogram;Hellerud videregående skole;;;;;3,6;53;;;;;3,4;48;;;;;3,5;46
ENG1009;Engelsk vg1 yrkesfaglige utdanningsprogram;Hersleb videregående skole;;;;;3,5;50;;;;;3,1;34;;;;;3,4;53
ENG1009;Engelsk vg1 yrkesfaglige utdanningsprogram;Holtet videregående skole;;;;;3,6;82;;;;;3,6;58;;;;;;
ENG1009;Engelsk vg1 yrkesfaglige utdanningsprogram;Kuben videregående skole;;;3,7;10;3,9;358;;;3,8;15;3,9;379;;;4,1;15;3,9;397
ENG1009;Engelsk vg1 yrkesfaglige utdanningsprogram;Natur videregående skole Sti;;;3,4;17;*;*;;;;;*;*;;;;;4,7;22
ENG1009;Engelsk vg1 yrkesfaglige utdanningsprogram;Nydalen videregående skole;;;3,6;16;4,1;135;;;*;*;4,3;128;;;3,9;38;4,5;130
ENG1009;Engelsk vg1 yrkesfaglige utdanningsprogram;Oslo Handelsgymnasium;;;;;3,9;16;;;;;*;*;;;;;;
ENG1009;Engelsk vg1 yrkesfaglige utdanningsprogram;Oslo voksenopplæring Helsfyr;;;;;*;*;;;;;;;;;;;*;*
ENG1009;Engelsk vg1 yrkesfaglige utdanningsprogram;Oslo voksenopplæring Sinsen;;;;;*;*;;;;;;;;;;;;
ENG1009;Engelsk vg1 yrkesfaglige utdanningsprogram;Oslo voksenopplæring Skullerud;;;;;2;31;;;;;;;;;;;;
ENG1009;Engelsk vg1 yrkesfaglige utdanningsprogram;Stovner videregående skole;;;;;3,3;89;;;*;*;3,1;78;;;*;*;3,1;87
ENG1009;Engelsk vg1 yrkesfaglige utdanningsprogram;Ullern videregående skole;;;*;*;4,3;31;;;*;*;5;61;;;;;4,4;29
ENG1009;Engelsk vg1 yrkesfaglige utdanningsprogram;Ulsrud videregående skole;;;;;3,4;61;;;;;3,4;56;;;*;*;3,9;86
ENG1010;Engelsk vg1 yrkesfaglige utdanningsprogram, muntlig;Alle skoler;4,3;370;;;;;4,2;471;;;;;4,2;508;;;;
ENG1010;Engelsk vg1 yrkesfaglige utdanningsprogram, muntlig;Alle skoler;4,3;370;;;;;4,2;471;;;;;4,2;508;;;;
ENG1010;Engelsk vg1 yrkesfaglige utdanningsprogram, muntlig;Alle skoler;5;40;;;;;4,1;71;;;;;4,3;73;;;;
ENG1010;Engelsk vg1 yrkesfaglige utdanningsprogram, muntlig;Akademiet Oslo AS;;;;;;;;;;;;;5,2;6;;;;
ENG1010;Engelsk vg1 yrkesfaglige utdanningsprogram, muntlig;Edvard Munch videregående skole;;;;;;;4,5;6;;;;;;;;;;
ENG1010;Engelsk vg1 yrkesfaglige utdanningsprogram, muntlig;Eikelund videregående skole;;;;;;;;;;;;;*;*;;;;
ENG1010;Engelsk vg1 yrkesfaglige utdanningsprogram, muntlig;Elvebakken videregående skole;*;*;;;;;4,2;12;;;;;*;*;;;;
ENG1010;Engelsk vg1 yrkesfaglige utdanningsprogram, muntlig;Etterstad videregående skole;;;;;;;5,3;8;;;;;4;12;;;;
ENG1010;Engelsk vg1 yrkesfaglige utdanningsprogram, muntlig;Hellerud videregående skole;5;6;;;;;4,1;11;;;;;3,9;12;;;;
ENG1010;Engelsk vg1 yrkesfaglige utdanningsprogram, muntlig;Hersleb videregående skole;;;;;;;*;*;;;;;*;*;;;;
ENG1010;Engelsk vg1 yrkesfaglige utdanningsprogram, muntlig;Kuben videregående skole;4,8;24;;;;;3,9;14;;;;;4;14;;;;
ENG1010;Engelsk vg1 yrkesfaglige utdanningsprogram, muntlig;Natur videregående skole Sti;;;;;;;;;;;;;5;7;;;;
ENG1010;Engelsk vg1 yrkesfaglige utdanningsprogram, muntlig;Nydalen videregående skole;*;*;;;;;*;*;;;;;;;;;;
ENG1010;Engelsk vg1 yrkesfaglige utdanningsprogram, muntlig;Oslo Vo Hovinbyen;;;;;;;3;8;;;;;;;;;;
ENG1010;Engelsk vg1 yrkesfaglige utdanningsprogram, muntlig;Stovner videregående skole;*;*;;;;;*;*;;;;;3,4;7;;;;
ENG1010;Engelsk vg1 yrkesfaglige utdanningsprogram, muntlig;Ulsrud videregående skole;;;;;;;;;;;;;4,2;6;;;;
FLY2001;Luftfartøylære;Alle skoler;;;*;*;;;;;;;;;;;;;;
FLY2001;Luftfartøylære;Alle skoler;;;*;*;;;;;;;;;;;;;;
FLY2003;Luftfartøylære, part 66-1;Alle skoler;;;4,1;166;;;;;4;181;;;;;4,2;202;;
FLY2003;Luftfartøylære, part 66-1;Alle skoler;;;4,1;166;;;;;4;181;;;;;4,2;202;;
FLY2004;Luftfartøylære, part 66-2;Alle skoler;;;3,7;158;;;;;3,6;193;;;;;3,8;202;;
FLY2004;Luftfartøylære, part 66-2;Alle skoler;;;3,7;158;;;;;3,6;193;;;;;3,8;202;;
FLY2005;Luftfartøylære, part 66-3;Alle skoler;;;3,7;164;;;;;3,8;183;;;;;3,7;205;;
FLY2005;Luftfartøylære, part 66-3;Alle skoler;;;3,7;164;;;;;3,8;183;;;;;3,7;205;;
FLY2006;Luftfartøylære, part 66-4B1;Alle skoler;;;3,9;94;;;;;4,2;81;;;;;4,2;62;;
FLY2006;Luftfartøylære, part 66-4B1;Alle skoler;;;3,9;94;;;;;4,2;81;;;;;4,2;62;;
FLY2007;Luftfartøylære, part 66-4B2;Alle skoler;;;3,5;75;;;;;3,3;163;;;;;4,2;158;;
FLY2007;Luftfartøylære, part 66-4B2;Alle skoler;;;3,5;75;;;;;3,3;163;;;;;4,2;158;;
FLY2008;Luftfartøylære, part 66-5B1;Alle skoler;;;4;83;;;;;4,3;73;;;;;4,1;54;;
FLY2008;Luftfartøylære, part 66-5B1;Alle skoler;;;4;83;;;;;4,3;73;;;;;4,1;54;;
FLY2009;Luftfartøylære, part 66-5B2;Alle skoler;;;3,8;77;;;;;4;145;;;;;4,1;155;;
FLY2009;Luftfartøylære, part 66-5B2;Alle skoler;;;3,8;77;;;;;4;145;;;;;4,1;155;;
FLY2010;Luftfartøylære, part 66-6B1;Alle skoler;;;3,9;137;;;;;3,9;191;;;;;3,7;161;;
FLY2010;Luftfartøylære, part 66-6B1;Alle skoler;;;3,9;137;;;;;3,9;191;;;;;3,7;161;;
FLY2011;Luftfartøylære, part 66-6B2;Alle skoler;;;3,5;53;;;;;3,1;14;;;;;3,7;30;;
FLY2011;Luftfartøylære, part 66-6B2;Alle skoler;;;3,5;53;;;;;3,1;14;;;;;3,7;30;;
FLY2012;Luftfartøylære, part 66-8;Alle skoler;;;4,1;156;;;;;3,9;177;;;;;4,3;201;;
FLY2012;Luftfartøylære, part 66-8;Alle skoler;;;4,1;156;;;;;3,9;177;;;;;4,3;201;;
FLY2013;Elektrofag;Alle skoler;;;;;3,8;130;;;;;4,3;153;;;;;;
FLY2013;Elektrofag;Alle skoler;;;;;3,8;130;;;;;4,3;153;;;;;;
FLY2013;Elektrofag;Alle skoler;;;;;;;;;;;;;;;;;4,6;158
FLY2013;Elektrofag;Alle skoler;;;;;;;;;;;;;;;;;4,6;158
FLY2014;Luftfartøylære;Alle skoler;;;;;4;131;;;;;4,1;152;;;;;;
FLY2014;Luftfartøylære;Alle skoler;;;;;4;131;;;;;4,1;152;;;;;;
FLY2014;Luftfartøylære;Alle skoler;;;;;;;;;;;;;;;;;4,4;158
FLY2014;Luftfartøylære;Alle skoler;;;;;;;;;;;;;;;;;4,4;158
FLY2015;Material- og komponentlære;Alle skoler;;;;;4,3;131;;;;;4,4;151;;;;;;
FLY2015;Material- og komponentlære;Alle skoler;;;;;4,3;131;;;;;4,4;151;;;;;;
FLY2015;Material- og komponentlære;Alle skoler;;;;;;;;;;;;;;;2,9;29;4,5;158
FLY2015;Material- og komponentlære;Alle skoler;;;;;;;;;;;;;;;2,9;29;4,5;158
FLY3002;Luftfartøysystemer, part 66-11;Alle skoler;;;3,2;9;;;;;*;*;;;;;;;;
FLY3002;Luftfartøysystemer, part 66-11;Alle skoler;;;3,2;9;;;;;*;*;;;;;;;;
FLY3003;Luftfartøysystemer, part 66-12;Alle skoler;;;3,3;6;;;;;*;*;;;;;;;;
FLY3003;Luftfartøysystemer, part 66-12;Alle skoler;;;3,3;6;;;;;*;*;;;;;;;;
FLY3004;Luftfartøysystemer, part 66-15;Alle skoler;;;4,1;10;;;;;*;*;;;;;;;;
FLY3004;Luftfartøysystemer, part 66-15;Alle skoler;;;4,1;10;;;;;*;*;;;;;;;;
FLY3005;Luftfartøysystemer, part 66-17;Alle skoler;;;3,3;12;;;;;*;*;;;;;;;;
FLY3005;Luftfartøysystemer, part 66-17;Alle skoler;;;3,3;12;;;;;*;*;;;;;;;;
FLY3007;Teknisk vedlikehold 2, part 66-7B1;Alle skoler;;;3,4;25;;;;;*;*;;;;;;;;
FLY3007;Teknisk vedlikehold 2, part 66-7B1;Alle skoler;;;3,4;25;;;;;*;*;;;;;;;;
FLY3008;Teknisk vedlikehold 2, part 66-7B1E1;Alle skoler;;;4;9;;;;;*;*;;;;;;;;
FLY3008;Teknisk vedlikehold 2, part 66-7B1E1;Alle skoler;;;4;9;;;;;*;*;;;;;;;;
FLY3009;Teknisk vedlikehold 2, part 66-7B1E2;Alle skoler;;;4,3;9;;;;;*;*;;;;;;;;
FLY3009;Teknisk vedlikehold 2, part 66-7B1E2;Alle skoler;;;4,3;9;;;;;*;*;;;;;;;;
FLY3010;Teknisk vedlikehold 2, part 66-9;Alle skoler;;;4,1;36;;;;;*;*;;;;;;;;
FLY3010;Teknisk vedlikehold 2, part 66-9;Alle skoler;;;4,1;36;;;;;*;*;;;;;;;;
FLY3011;Teknisk vedlikehold 2, part 66-9E;Alle skoler;;;3,9;45;;;;;*;*;;;;;;;;
FLY3011;Teknisk vedlikehold 2, part 66-9E;Alle skoler;;;3,9;45;;;;;*;*;;;;;;;;
FLY3012;Teknisk vedlikehold 2, part 66-10;Alle skoler;;;4,1;37;;;;;*;*;;;;;;;;
FLY3012;Teknisk vedlikehold 2, part 66-10;Alle skoler;;;4,1;37;;;;;*;*;;;;;;;;
FLY3013;Teknisk vedlikehold 2, part 66-10E;Alle skoler;;;3,8;48;;;;;*;*;;;;;;;;
FLY3013;Teknisk vedlikehold 2, part 66-10E;Alle skoler;;;3,8;48;;;;;*;*;;;;;;;;
FLY3014;Luftfartøysystemer;Alle skoler;;;;;4,2;83;;;;;4,2;89;;;;;4,3;108
FLY3014;Luftfartøysystemer;Alle skoler;;;;;4,2;83;;;;;4,2;89;;;;;4,3;108
FLY3015;Luftfartøysystemer, part 66-11A(B1.1);Alle skoler;;;3,3;97;;;;;3,7;114;;;;;3,8;150;;
FLY3015;Luftfartøysystemer, part 66-11A(B1.1);Alle skoler;;;3,3;97;;;;;3,7;114;;;;;3,8;150;;
FLY3016;Luftfartøysystemer, part 66-12(B1.3-B1.4);Alle skoler;;;3,5;93;;;;;3,6;118;;;;;3,7;132;;
FLY3016;Luftfartøysystemer, part 66-12(B1.3-B1.4);Alle skoler;;;3,5;93;;;;;3,6;118;;;;;3,7;132;;
FLY3017;Luftfartøysystemer, part 66-15(B1);Alle skoler;;;3,9;93;;;;;4;110;;;;;3,8;138;;
FLY3017;Luftfartøysystemer, part 66-15(B1);Alle skoler;;;3,9;93;;;;;4;110;;;;;3,8;138;;
FLY3018;Luftfartøysystemer, part 66-17(B1);Alle skoler;;;4,2;88;;;;;4,4;109;;;;;4,5;138;;
FLY3018;Luftfartøysystemer, part 66-17(B1);Alle skoler;;;4,2;88;;;;;4,4;109;;;;;4,5;138;;
FLY3019;Vedlikeholdsteknikk;Alle skoler;;;;;4,5;83;;;;;4,6;89;;;;;4,6;109
FLY3019;Vedlikeholdsteknikk;Alle skoler;;;;;4,5;83;;;;;4,6;89;;;;;4,6;109
FLY3020;Vedlikeholdsteknikk, part 66-7A(B1);Alle skoler;;;4;97;;;;;4;123;;;;;4;145;;
FLY3020;Vedlikeholdsteknikk, part 66-7A(B1);Alle skoler;;;4;97;;;;;4;123;;;;;4;145;;
FLY3021;Vedlikeholdsteknikk, part 66-7A Essay 1(B1);Alle skoler;;;4,1;97;;;;;4,1;112;;;;;4,2;155;;
FLY3021;Vedlikeholdsteknikk, part 66-7A Essay 1(B1);Alle skoler;;;4,1;97;;;;;4,1;112;;;;;4,2;155;;
FLY3022;Vedlikeholdsteknikk, part 66-7A Essay 2(B1);Alle skoler;;;4,2;97;;;;;4;112;;;;;4,1;155;;
FLY3022;Vedlikeholdsteknikk, part 66-7A Essay 2(B1);Alle skoler;;;4,2;97;;;;;4;112;;;;;4,1;155;;
FLY3023;Flysikkerhet;Alle skoler;;;;;4,3;83;;;;;4,5;90;;;;;4,5;109
FLY3023;Flysikkerhet;Alle skoler;;;;;4,3;83;;;;;4,5;90;;;;;4,5;109
FLY3024;Flysikkerhet, part 66-9A(B1B2);Alle skoler;;;4,5;59;;;;;4,6;100;;;;;4,6;139;;
FLY3024;Flysikkerhet, part 66-9A(B1B2);Alle skoler;;;4,5;59;;;;;4,6;100;;;;;4,6;139;;
FLY3025;Flysikkerhet, part 66-9A Essay(B1B2);Alle skoler;;;4,3;59;;;;;3,9;107;;;;;;;;
FLY3025;Flysikkerhet, part 66-9A Essay(B1B2);Alle skoler;;;4,3;59;;;;;3,9;107;;;;;;;;
FLY3026;Flysikkerhet, part 66-10(B1B2);Alle skoler;;;4,2;65;;;;;4,5;104;;;;;4,1;143;;
FLY3026;Flysikkerhet, part 66-10(B1B2);Alle skoler;;;4,2;65;;;;;4,5;104;;;;;4,1;143;;
FLY3027;Flysikkerhet, part 66-10 Essay(B1B2);Alle skoler;;;3,7;68;;;;;3,9;112;;;;;;;;
FLY3027;Flysikkerhet, part 66-10 Essay(B1B2);Alle skoler;;;3,7;68;;;;;3,9;112;;;;;;;;
FOT2005;Helse, funksjon og bevegelse;Alle skoler;;;;;4,1;15;;;;;3,9;14;;;;;4,1;9
FOT2005;Helse, funksjon og bevegelse;Alle skoler;;;;;4,1;15;;;;;3,9;14;;;;;4,1;9
FOT2006;Kommunikasjon og samhandling;Alle skoler;;;;;4,3;15;;;;;4;13;;;;;3,8;9
FOT2006;Kommunikasjon og samhandling;Alle skoler;;;;;4,3;15;;;;;4;13;;;;;3,8;9
FOT2007;Yrkesliv i fotterapi og ortopediteknikk;Alle skoler;;;;;4,1;16;;;;;4,1;14;;;;;3,6;9
FOT2007;Yrkesliv i fotterapi og ortopediteknikk;Alle skoler;;;;;4,1;16;;;;;4,1;14;;;;;3,6;9
FOT2008;Tverrfaglig eksamen fotterapi og ortopediteknikk;Alle skoler;4,4;17;;;;;4,2;13;;;;;4,2;9;;;;
FOT2008;Tverrfaglig eksamen fotterapi og ortopediteknikk;Alle skoler;4,4;17;;;;;4,2;13;;;;;4,2;9;;;;
FOT3004;Tverrfaglig eksamen fotterapi;Alle skoler;*;*;;;;;;;;;;;;;;;;
FOT3004;Tverrfaglig eksamen fotterapi;Alle skoler;*;*;;;;;;;;;;;;;;;;
FOT3005;Helse, funksjon og bevegelse;Alle skoler;;;;;;;;;;;*;*;;;;;*;*
FOT3005;Helse, funksjon og bevegelse;Alle skoler;;;;;;;;;;;*;*;;;;;*;*
FOT3006;Kommunikasjon og samhandling;Alle skoler;;;;;;;;;;;*;*;;;;;*;*
FOT3006;Kommunikasjon og samhandling;Alle skoler;;;;;;;;;;;*;*;;;;;*;*
FOT3007;Yrkesliv i fotterapifaget;Alle skoler;;;;;;;;;;;*;*;;;;;*;*
FOT3007;Yrkesliv i fotterapifaget;Alle skoler;;;;;;;;;;;*;*;;;;;*;*
FOT3008;Tverrfaglig eksamen fotterapi;Alle skoler;;;;;;;*;*;;;;;*;*;;;;
FOT3008;Tverrfaglig eksamen fotterapi;Alle skoler;;;;;;;*;*;;;;;*;*;;;;
HEA2005;Helsefremmende arbeid;Alle skoler;;;;;4,2;3 427;;;;;4,2;3 381;;;;;4,2;3 132
HEA2005;Helsefremmende arbeid;Alle skoler;;;;;4,2;3 427;;;;;4,2;3 381;;;;;4,2;3 132
HEA2005;Helsefremmende arbeid;Alle skoler;;;;;4,4;153;;;;;4,1;121;;;;;4,4;115
HEA2005;Helsefremmende arbeid;Holtet videregående skole;;;;;2,9;22;;;;;2,2;12;;;;;;
HEA2005;Helsefremmende arbeid;Kuben videregående skole;;;;;4,3;42;;;;;3,8;34;;;;;4,3;33
HEA2005;Helsefremmende arbeid;Nydalen videregående skole;;;;;4,3;27;;;;;4,7;32;;;;;4;27
HEA2005;Helsefremmende arbeid;Stovner videregående skole;;;;;4,2;10;;;;;3,7;6;;;;;3,2;10
HEA2005;Helsefremmende arbeid;Ullern videregående skole;;;;;5,1;52;;;;;4,4;37;;;;;4,9;45
HEA2006;Kommunikasjon og samhandling;Alle skoler;;;;;4,3;3 444;;;;;4,3;3 407;;;;;4,3;3 113
HEA2006;Kommunikasjon og samhandling;Alle skoler;;;;;4,3;3 444;;;;;4,3;3 407;;;;;4,3;3 113
HEA2006;Kommunikasjon og samhandling;Alle skoler;;;;;4,3;152;;;;;4,2;122;;;;;4,3;115
HEA2006;Kommunikasjon og samhandling;Holtet videregående skole;;;;;2,9;21;;;;;2,6;12;;;;;;
HEA2006;Kommunikasjon og samhandling;Kuben videregående skole;;;;;4,4;42;;;;;4;34;;;;;4,4;33
HEA2006;Kommunikasjon og samhandling;Nydalen videregående skole;;;;;4,1;27;;;;;4,5;32;;;;;3,6;27
HEA2006;Kommunikasjon og samhandling;Stovner videregående skole;;;;;4,3;10;;;;;3,8;6;;;;;3,6;10
HEA2006;Kommunikasjon og samhandling;Ullern videregående skole;;;;;5;52;;;;;4,6;38;;;;;4,9;45
HEA2007;Yrkesliv i helsearbeiderfag;Alle skoler;;;;;4,2;3 401;;;;;4,2;3 437;;;;;4,2;3 081
HEA2007;Yrkesliv i helsearbeiderfag;Alle skoler;;;;;4,2;3 401;;;;;4,2;3 437;;;;;4,2;3 081
HEA2007;Yrkesliv i helsearbeiderfag;Alle skoler;;;;;4,3;152;;;;;4,1;123;;;;;4,5;115
HEA2007;Yrkesliv i helsearbeiderfag;Holtet videregående skole;;;;;2,5;21;;;;;2,2;14;;;;;;
HEA2007;Yrkesliv i helsearbeiderfag;Kuben videregående skole;;;;;4,4;42;;;;;3,9;33;;;;;4,4;33
HEA2007;Yrkesliv i helsearbeiderfag;Nydalen videregående skole;;;;;4,3;27;;;;;4,7;32;;;;;4;27
HEA2007;Yrkesliv i helsearbeiderfag;Stovner videregående skole;;;;;4,3;10;;;;;3,8;6;;;;;3,7;10
HEA2007;Yrkesliv i helsearbeiderfag;Ullern videregående skole;;;;;4,9;52;;;;;4,5;38;;;;;5,1;45
HEA2008;Tverrfaglig eksamen helsearbeiderfag;Alle skoler;4,2;3 935;;;;;4,3;3 337;;;;;4,3;3 051;;;;
HEA2008;Tverrfaglig eksamen helsearbeiderfag;Alle skoler;4,2;3 935;;;;;4,3;3 337;;;;;4,3;3 051;;;;
HEA2008;Tverrfaglig eksamen helsearbeiderfag;Alle skoler;3,9;182;;;;;3,9;104;;;;;4,5;92;;;;
HEA2008;Tverrfaglig eksamen helsearbeiderfag;Holtet videregående skole;2,2;22;;;;;*;*;;;;;;;;;;
HEA2008;Tverrfaglig eksamen helsearbeiderfag;Kuben videregående skole;3,9;41;;;;;3,8;33;;;;;4,2;32;;;;
HEA2008;Tverrfaglig eksamen helsearbeiderfag;Nydalen videregående skole;4,6;27;;;;;4,3;33;;;;;4;26;;;;
HEA2008;Tverrfaglig eksamen helsearbeiderfag;Oslo voksenopplæring Sinsen;3,7;52;;;;;;;;;;;;;;;;
HEA2008;Tverrfaglig eksamen helsearbeiderfag;Stovner videregående skole;3,3;10;;;;;*;*;;;;;2,7;7;;;;
HEA2008;Tverrfaglig eksamen helsearbeiderfag;Ullern videregående skole;5,2;30;;;;;4,3;23;;;;;5,7;27;;;;
HEA3102;Helsearbeiderfaget, skriftlig;Alle skoler;;;*;*;;;;;*;*;;;;;;;;
HEA3102;Helsearbeiderfaget, skriftlig;Alle skoler;;;*;*;;;;;*;*;;;;;;;;
HEA3103;Helsearbeiderfaget, skriftlig;Alle skoler;;;;;;;;;*;*;;;;;*;*;;
HEA3103;Helsearbeiderfaget, skriftlig;Alle skoler;;;;;;;;;*;*;;;;;*;*;;
HES2005;Helse og sykdom;Alle skoler;;;;;4;817;;;;;4;770;;;;;3,9;757
HES2005;Helse og sykdom;Alle skoler;;;;;4;817;;;;;4;770;;;;;3,9;757
HES2005;Helse og sykdom;Alle skoler;;;;;3,9;90;;;;;4;85;;;;;4,2;74
HES2005;Helse og sykdom;Hersleb videregående skole;;;;;3,5;57;;;;;3,6;54;;;;;4,1;42
HES2005;Helse og sykdom;Nydalen videregående skole;;;;;*;*;;;;;4,7;31;;;;;4,4;32
HES2005;Helse og sykdom;Oslo voksenopplæring Sinsen;;;;;*;*;;;;;;;;;;;;
HES2006;Kommunikasjon og samhandling;Alle skoler;;;;;4;819;;;;;4,1;773;;;;;3,9;759
HES2006;Kommunikasjon og samhandling;Alle skoler;;;;;4;819;;;;;4,1;773;;;;;3,9;759
HES2006;Kommunikasjon og samhandling;Alle skoler;;;;;4;89;;;;;4;86;;;;;4;75
HES2006;Kommunikasjon og samhandling;Hersleb videregående skole;;;;;3,7;56;;;;;3,7;55;;;;;4;43
HES2006;Kommunikasjon og samhandling;Nydalen videregående skole;;;;;*;*;;;;;4,5;31;;;;;4,1;32
HES2006;Kommunikasjon og samhandling;Oslo voksenopplæring Sinsen;;;;;*;*;;;;;;;;;;;;
HES2007;Yrkesliv i helseservicefag;Alle skoler;;;;;4;819;;;;;4,1;771;;;;;3,9;760
HES2007;Yrkesliv i helseservicefag;Alle skoler;;;;;4;819;;;;;4,1;771;;;;;3,9;760
HES2007;Yrkesliv i helseservicefag;Alle skoler;;;;;3,9;89;;;;;4;83;;;;;4,1;76
HES2007;Yrkesliv i helseservicefag;Hersleb videregående skole;;;;;3,6;56;;;;;3,8;52;;;;;3,9;44
HES2007;Yrkesliv i helseservicefag;Nydalen videregående skole;;;;;*;*;;;;;4,5;31;;;;;4,3;32
HES2007;Yrkesliv i helseservicefag;Oslo voksenopplæring Sinsen;;;;;*;*;;;;;;;;;;;;
HES2008;Tverrfaglig eksamen helseservicefag;Alle skoler;3,8;944;;;;;4;763;;;;;3,9;779;;;;
HES2008;Tverrfaglig eksamen helseservicefag;Alle skoler;3,8;944;;;;;4;763;;;;;3,9;779;;;;
HES2008;Tverrfaglig eksamen helseservicefag;Alle skoler;3,7;85;;;;;4,3;84;;;;;3,9;71;;;;
HES2008;Tverrfaglig eksamen helseservicefag;Hersleb videregående skole;3,5;53;;;;;4;53;;;;;3,7;39;;;;
HES2008;Tverrfaglig eksamen helseservicefag;Nydalen videregående skole;*;*;;;;;4,8;31;;;;;4,2;32;;;;
HES2008;Tverrfaglig eksamen helseservicefag;Oslo voksenopplæring Sinsen;*;*;;;;;;;;;;;;;;;;
HSE3004;Tverrfaglig eksamen, helsesekretær;Alle skoler;4,9;21;;;;;;;;;;;;;;;;
HSE3004;Tverrfaglig eksamen, helsesekretær;Alle skoler;4,9;21;;;;;;;;;;;;;;;;
HSE3005;Helse og sykdom;Alle skoler;;;;;3,8;211;;;;;3,7;210;;;;;3,8;195
HSE3005;Helse og sykdom;Alle skoler;;;;;3,8;211;;;;;3,7;210;;;;;3,8;195
HSE3005;Helse og sykdom;Alle skoler;;;;;4,1;38;;;;;3,6;36;;;;;3,6;34
HSE3005;Helse og sykdom;Hersleb videregående skole;;;;;3,7;20;;;;;3,9;18;;;;;3,9;19
HSE3005;Helse og sykdom;Nydalen videregående skole;;;;;4,7;18;;;;;3,3;18;;;;;3,1;15
HSE3006;Kommunikasjon og samhandling;Alle skoler;;;;;4;211;;;;;3,9;209;;;;;4,1;196
HSE3006;Kommunikasjon og samhandling;Alle skoler;;;;;4;211;;;;;3,9;209;;;;;4,1;196
HSE3006;Kommunikasjon og samhandling;Alle skoler;;;;;4,2;38;;;;;4,1;36;;;;;4,1;34
HSE3006;Kommunikasjon og samhandling;Hersleb videregående skole;;;;;3,8;20;;;;;4,4;18;;;;;4,7;19
HSE3006;Kommunikasjon og samhandling;Nydalen videregående skole;;;;;4,7;18;;;;;3,8;18;;;;;3,4;15
HSE3007;Yrkesliv i helsesekretærfaget;Alle skoler;;;;;4;211;;;;;3,9;210;;;;;4;196
HSE3007;Yrkesliv i helsesekretærfaget;Alle skoler;;;;;4;211;;;;;3,9;210;;;;;4;196
HSE3007;Yrkesliv i helsesekretærfaget;Alle skoler;;;;;4,3;38;;;;;3,6;36;;;;;3,7;34
HSE3007;Yrkesliv i helsesekretærfaget;Hersleb videregående skole;;;;;3,9;20;;;;;3,7;18;;;;;3,9;19
HSE3007;Yrkesliv i helsesekretærfaget;Nydalen videregående skole;;;;;4,7;18;;;;;3,4;18;;;;;3,5;15
HSE3008;Tverrfaglig eksamen, helsesekretær;Alle skoler;3,7;313;;;;;3,8;207;;;;;3,7;215;;;;
HSE3008;Tverrfaglig eksamen, helsesekretær;Alle skoler;3,7;313;;;;;3,8;207;;;;;3,7;215;;;;
HSE3008;Tverrfaglig eksamen, helsesekretær;Alle skoler;3,4;65;;;;;3,8;36;;;;;3,5;34;;;;
HSE3008;Tverrfaglig eksamen, helsesekretær;Hersleb videregående skole;3,3;18;;;;;3,8;18;;;;;3,6;19;;;;
HSE3008;Tverrfaglig eksamen, helsesekretær;Nydalen videregående skole;3,6;18;;;;;3,7;18;;;;;3,4;15;;;;
HSE3008;Tverrfaglig eksamen, helsesekretær;Oslo voksenopplæring Sinsen;3,2;29;;;;;;;;;;;;;;;;
HSF1006;Helsefremmende arbeid;Alle skoler;;;;;4,2;7 763;;;;;4,1;7 332;;;;;4,1;8 004
HSF1006;Helsefremmende arbeid;Alle skoler;;;;;4,2;7 763;;;;;4,1;7 332;;;;;4,1;8 004
HSF1006;Helsefremmende arbeid;Alle skoler;;;;;3,9;487;;;;;3,8;376;;;;;4;418
HSF1006;Helsefremmende arbeid;Eikelund videregående skole;;;;;*;*;;;;;*;*;;;;;4,6;8
HSF1006;Helsefremmende arbeid;Hersleb videregående skole;;;;;3,3;56;;;;;3,2;32;;;;;3,5;55
HSF1006;Helsefremmende arbeid;Holtet videregående skole;;;;;3,8;85;;;;;3,3;62;;;;;;
HSF1006;Helsefremmende arbeid;Kuben videregående skole;;;;;4,3;94;;;;;4,1;98;;;;;3,9;120
HSF1006;Helsefremmende arbeid;Nydalen videregående skole;;;;;4,2;77;;;;;4,3;76;;;;;4,3;70
HSF1006;Helsefremmende arbeid;Oslo voksenopplæring Helsfyr;;;;;*;*;;;;;;;;;;;;
HSF1006;Helsefremmende arbeid;Oslo voksenopplæring Skullerud;;;;;2,7;31;;;;;;;;;;;;
HSF1006;Helsefremmende arbeid;Stovner videregående skole;;;;;3,7;44;;;;;3,8;28;;;;;3,7;43
HSF1006;Helsefremmende arbeid;Ullern videregående skole;;;;;4,6;31;;;;;*;*;;;;;5,1;31
HSF1006;Helsefremmende arbeid;Ulsrud videregående skole;;;;;3,7;61;;;;;3,4;59;;;;;3,8;91
HSF1007;Kommunikasjon og samhandling;Alle skoler;;;;;4,2;7 737;;;;;4,2;7 326;;;;;4,2;7 970
HSF1007;Kommunikasjon og samhandling;Alle skoler;;;;;4,2;7 737;;;;;4,2;7 326;;;;;4,2;7 970
HSF1007;Kommunikasjon og samhandling;Alle skoler;;;;;4;485;;;;;3,8;381;;;;;4;414
HSF1007;Kommunikasjon og samhandling;Eikelund videregående skole;;;;;3,7;7;;;;;*;*;;;;;4,9;8
HSF1007;Kommunikasjon og samhandling;Hersleb videregående skole;;;;;3,9;55;;;;;3,2;33;;;;;3,5;58
HSF1007;Kommunikasjon og samhandling;Holtet videregående skole;;;;;3,8;85;;;;;3;64;;;;;;
HSF1007;Kommunikasjon og samhandling;Kuben videregående skole;;;;;4,3;94;;;;;4;100;;;;;3,9;118
HSF1007;Kommunikasjon og samhandling;Nydalen videregående skole;;;;;4,6;76;;;;;4,3;76;;;;;4,5;69
HSF1007;Kommunikasjon og samhandling;Oslo voksenopplæring Helsfyr;;;;;;;;;;;*;*;;;;;;
HSF1007;Kommunikasjon og samhandling;Oslo voksenopplæring Skullerud;;;;;3,4;33;;;;;;;;;;;;
HSF1007;Kommunikasjon og samhandling;Stovner videregående skole;;;;;3,8;44;;;;;3,9;28;;;;;3,9;42
HSF1007;Kommunikasjon og samhandling;Ullern videregående skole;;;;;4,7;31;;;;;*;*;;;;;5,1;31
HSF1007;Kommunikasjon og samhandling;Ulsrud videregående skole;;;;;3,6;60;;;;;3,4;58;;;;;3,7;88
HSF1008;Yrkesliv i helse- og oppvekstfag;Alle skoler;;;;;4,2;7 763;;;;;4,2;7 322;;;;;4,1;7 983
HSF1008;Yrkesliv i helse- og oppvekstfag;Alle skoler;;;;;4,2;7 763;;;;;4,2;7 322;;;;;4,1;7 983
HSF1008;Yrkesliv i helse- og oppvekstfag;Alle skoler;;;;;4;485;;;;;3,8;381;;;;;4;415
HSF1008;Yrkesliv i helse- og oppvekstfag;Eikelund videregående skole;;;;;3,8;6;;;;;*;*;;;;;*;*
HSF1008;Yrkesliv i helse- og oppvekstfag;Hersleb videregående skole;;;;;3,7;55;;;;;3,3;32;;;;;3,6;57
HSF1008;Yrkesliv i helse- og oppvekstfag;Holtet videregående skole;;;;;3,8;86;;;;;3,2;63;;;;;;
HSF1008;Yrkesliv i helse- og oppvekstfag;Kuben videregående skole;;;;;4,3;94;;;;;4,1;99;;;;;3,9;122
HSF1008;Yrkesliv i helse- og oppvekstfag;Nydalen videregående skole;;;;;4,6;75;;;;;4,4;76;;;;;4,5;71
HSF1008;Yrkesliv i helse- og oppvekstfag;Oslo voksenopplæring Helsfyr;;;;;;;;;;;*;*;;;;;;
HSF1008;Yrkesliv i helse- og oppvekstfag;Oslo voksenopplæring Skullerud;;;;;3,3;33;;;;;;;;;;;;
HSF1008;Yrkesliv i helse- og oppvekstfag;Stovner videregående skole;;;;;3,8;44;;;;;3,9;28;;;;;3,5;42
HSF1008;Yrkesliv i helse- og oppvekstfag;Ullern videregående skole;;;;;4,7;31;;;;;4,3;17;;;;;*;*
HSF1008;Yrkesliv i helse- og oppvekstfag;Ulsrud videregående skole;;;;;3,6;61;;;;;3,2;58;;;;;3,7;88
HUD2005;Helsefremmende arbeid;Alle skoler;;;;;3,7;154;;;;;3,9;156;;;;;4,1;155
HUD2005;Helsefremmende arbeid;Alle skoler;;;;;3,7;154;;;;;3,9;156;;;;;4,1;155
HUD2005;Helsefremmende arbeid;Alle skoler;;;;;2,8;11;;;;;4,4;8;;;;;3,1;9
HUD2005;Helsefremmende arbeid;Stovner videregående skole;;;;;2,8;11;;;;;4,4;8;;;;;3,1;9
HUD2006;Kommunikasjon og samhandling;Alle skoler;;;;;3,9;153;;;;;4;158;;;;;4,3;159
HUD2006;Kommunikasjon og samhandling;Alle skoler;;;;;3,9;153;;;;;4;158;;;;;4,3;159
HUD2006;Kommunikasjon og samhandling;Alle skoler;;;;;3,4;11;;;;;4,9;8;;;;;4,8;12
HUD2006;Kommunikasjon og samhandling;Stovner videregående skole;;;;;3,4;11;;;;;4,9;8;;;;;4,8;12
HUD2007;Yrkesliv i hudpleiefaget;Alle skoler;;;;;4,1;152;;;;;4,3;155;;;;;4,4;156
HUD2007;Yrkesliv i hudpleiefaget;Alle skoler;;;;;4,1;152;;;;;4,3;155;;;;;4,4;156
HUD2007;Yrkesliv i hudpleiefaget;Alle skoler;;;;;3,6;11;;;;;5;6;;;;;4,9;9
HUD2007;Yrkesliv i hudpleiefaget;Stovner videregående skole;;;;;3,6;11;;;;;5;6;;;;;4,9;9
HUD2008;Tverrfaglig eksamen hudpleie;Alle skoler;4,2;153;;;;;4,4;153;;;;;4,4;155;;;;
HUD2008;Tverrfaglig eksamen hudpleie;Alle skoler;4,2;153;;;;;4,4;153;;;;;4,4;155;;;;
HUD2008;Tverrfaglig eksamen hudpleie;Alle skoler;4,2;11;;;;;5;6;;;;;4,4;9;;;;
HUD2008;Tverrfaglig eksamen hudpleie;Stovner videregående skole;4,2;11;;;;;5;6;;;;;4,4;9;;;;
HUD3005;Helsefremmende arbeid;Alle skoler;;;;;3,8;108;;;;;3,8;105;;;;;;
HUD3005;Helsefremmende arbeid;Alle skoler;;;;;3,8;108;;;;;3,8;105;;;;;;
HUD3005;Helsefremmende arbeid;Alle skoler;;;;;3,9;7;;;;;*;*;;;;;;
HUD3005;Helsefremmende arbeid;Stovner videregående skole;;;;;3,9;7;;;;;*;*;;;;;;
HUD3006;Kommunikasjon og samhandling;Alle skoler;;;;;4,1;108;;;;;4,3;105;;;;;;
HUD3006;Kommunikasjon og samhandling;Alle skoler;;;;;4,1;108;;;;;4,3;105;;;;;;
HUD3006;Kommunikasjon og samhandling;Alle skoler;;;;;4;7;;;;;*;*;;;;;;
HUD3006;Kommunikasjon og samhandling;Stovner videregående skole;;;;;4;7;;;;;*;*;;;;;;
HUD3007;Yrkesliv i hudpleiefaget;Alle skoler;;;;;4,2;109;;;;;4,5;105;;;;;;
HUD3007;Yrkesliv i hudpleiefaget;Alle skoler;;;;;4,2;109;;;;;4,5;105;;;;;;
HUD3007;Yrkesliv i hudpleiefaget;Alle skoler;;;;;4,3;7;;;;;*;*;;;;;;
HUD3007;Yrkesliv i hudpleiefaget;Stovner videregående skole;;;;;4,3;7;;;;;*;*;;;;;;
HUD3008;Tverrfaglig eksamen, hudpleier;Alle skoler;4,2;104;;;;;4,5;104;;;;;;;;;;
HUD3008;Tverrfaglig eksamen, hudpleier;Alle skoler;4,2;104;;;;;4,5;104;;;;;;;;;;
HUD3008;Tverrfaglig eksamen, hudpleier;Alle skoler;5;7;;;;;*;*;;;;;;;;;;
HUD3008;Tverrfaglig eksamen, hudpleier;Stovner videregående skole;5;7;;;;;*;*;;;;;;;;;;
HUD3009;Helsefremmende arbeid;Alle skoler;;;;;;;;;;;;;;;;;4,1;110
HUD3009;Helsefremmende arbeid;Alle skoler;;;;;;;;;;;;;;;;;4,1;110
HUD3009;Helsefremmende arbeid;Alle skoler;;;;;;;;;;;;;;;;;*;*
HUD3009;Helsefremmende arbeid;Stovner videregående skole;;;;;;;;;;;;;;;;;*;*
HUD3010;Kommunikasjon og samhandling;Alle skoler;;;;;;;;;;;;;;;;;4,4;110
HUD3010;Kommunikasjon og samhandling;Alle skoler;;;;;;;;;;;;;;;;;4,4;110
HUD3010;Kommunikasjon og samhandling;Alle skoler;;;;;;;;;;;;;;;;;*;*
HUD3010;Kommunikasjon og samhandling;Stovner videregående skole;;;;;;;;;;;;;;;;;*;*
HUD3011;Yrkesliv i hudterapifaget;Alle skoler;;;;;;;;;;;;;;;;;4,4;109
HUD3011;Yrkesliv i hudterapifaget;Alle skoler;;;;;;;;;;;;;;;;;4,4;109
HUD3011;Yrkesliv i hudterapifaget;Alle skoler;;;;;;;;;;;;;;;;;*;*
HUD3011;Yrkesliv i hudterapifaget;Stovner videregående skole;;;;;;;;;;;;;;;;;*;*
HUD3012;Tverrfaglig eksamen, hudterapifaget;Alle skoler;;;;;;;;;;;;;4,6;107;;;;
HUD3012;Tverrfaglig eksamen, hudterapifaget;Alle skoler;;;;;;;;;;;;;4,6;107;;;;
HUD3012;Tverrfaglig eksamen, hudterapifaget;Alle skoler;;;;;;;;;;;;;*;*;;;;
HUD3012;Tverrfaglig eksamen, hudterapifaget;Stovner videregående skole;;;;;;;;;;;;;*;*;;;;
KOS2001;Råvare, produksjon, salg og service;Alle skoler;;;;;4,1;746;;;;;4,1;731;;;;;4,1;773
KOS2001;Råvare, produksjon, salg og service;Alle skoler;;;;;4,1;746;;;;;4,1;731;;;;;4,1;773
KOS2001;Råvare, produksjon, salg og service;Alle skoler;;;;;4,2;31;;;;;4,1;37;;;;;4,3;44
KOS2001;Råvare, produksjon, salg og service;Akademiet Norsk restaurantskole Sti;;;;;4,9;10;;;;;*;*;;;;;4,9;19
KOS2001;Råvare, produksjon, salg og service;Etterstad videregående skole;;;;;3,9;21;;;;;3,5;16;;;;;3,9;25
KOS2001;Råvare, produksjon, salg og service;Oslo voksenopplæring Helsfyr;;;;;;;;;;;*;*;;;;;;
KOS2002;Bransje og arbeidsliv;Alle skoler;;;;;3,9;746;;;;;3,9;733;;;;;4;776
KOS2002;Bransje og arbeidsliv;Alle skoler;;;;;3,9;746;;;;;3,9;733;;;;;4;776
KOS2002;Bransje og arbeidsliv;Alle skoler;;;;;4,1;31;;;;;4;37;;;;;4,1;44
KOS2002;Bransje og arbeidsliv;Akademiet Norsk restaurantskole Sti;;;;;4,7;10;;;;;*;*;;;;;4,7;19
KOS2002;Bransje og arbeidsliv;Etterstad videregående skole;;;;;3,8;21;;;;;3,4;16;;;;;3,6;25
KOS2002;Bransje og arbeidsliv;Oslo voksenopplæring Helsfyr;;;;;;;;;;;*;*;;;;;;
KOS2003;Tverrfaglig eksamen kokk- og servitørfag;Alle skoler;4,2;751;;;;;4,2;725;;;;;4,2;772;;;;
KOS2003;Tverrfaglig eksamen kokk- og servitørfag;Alle skoler;4,2;751;;;;;4,2;725;;;;;4,2;772;;;;
KOS2003;Tverrfaglig eksamen kokk- og servitørfag;Alle skoler;3,8;34;;;;;4,1;52;;;;;4,3;54;;;;
KOS2003;Tverrfaglig eksamen kokk- og servitørfag;Akademiet Norsk restaurantskole Sti;3,6;10;;;;;*;*;;;;;4,3;19;;;;
KOS2003;Tverrfaglig eksamen kokk- og servitørfag;Etterstad videregående skole;*;*;;;;;*;*;;;;;4,1;25;;;;
KOS2003;Tverrfaglig eksamen kokk- og servitørfag;Oslo voksenopplæring Helsfyr;;;;;;;4,6;17;;;;;4,9;10;;;;
KOS2003;Tverrfaglig eksamen kokk- og servitørfag;Oslo voksenopplæring Sinsen;*;*;;;;;;;;;;;;;;;;
KVV2001;Elenergi og automatisering;Alle skoler;;;;;3,6;138;;;;;3,6;162;;;;;3,7;158
KVV2001;Elenergi og automatisering;Alle skoler;;;;;3,6;138;;;;;3,6;162;;;;;3,7;158
KVV2001;Elenergi og automatisering;Alle skoler;;;;;;;;;;;3,2;17;;;;;3,3;19
KVV2001;Elenergi og automatisering;Kuben videregående skole;;;;;;;;;;;3,2;17;;;;;3,3;19
KVV2002;Kulde- og varmepumpeteknikk;Alle skoler;;;;;3,7;138;;;;;3,7;164;;;;;3,8;159
KVV2002;Kulde- og varmepumpeteknikk;Alle skoler;;;;;3,7;138;;;;;3,7;164;;;;;3,8;159
KVV2002;Kulde- og varmepumpeteknikk;Alle skoler;;;;;;;;;;;3,2;17;;;;;3,1;19
KVV2002;Kulde- og varmepumpeteknikk;Kuben videregående skole;;;;;;;;;;;3,2;17;;;;;3,1;19
KVV2003;Ventilasjonsteknikk;Alle skoler;;;;;3,8;138;;;;;3,8;163;;;;;3,6;159
KVV2003;Ventilasjonsteknikk;Alle skoler;;;;;3,8;138;;;;;3,8;163;;;;;3,6;159
KVV2003;Ventilasjonsteknikk;Alle skoler;;;;;;;;;;;3,4;17;;;;;3,2;19
KVV2003;Ventilasjonsteknikk;Kuben videregående skole;;;;;;;;;;;3,4;17;;;;;3,2;19
KVV2004;Tverrfaglig eksamen kulde-, varmepumpe og og ventilasjonsteknikk;Alle skoler;3,7;138;;;;;3,6;161;;;;;3,7;156;;;;
KVV2004;Tverrfaglig eksamen kulde-, varmepumpe og og ventilasjonsteknikk;Alle skoler;3,7;138;;;;;3,6;161;;;;;3,7;156;;;;
KVV2004;Tverrfaglig eksamen kulde-, varmepumpe og og ventilasjonsteknikk;Alle skoler;;;;;;;3,2;16;;;;;3;18;;;;
KVV2004;Tverrfaglig eksamen kulde-, varmepumpe og og ventilasjonsteknikk;Kuben videregående skole;;;;;;;3,2;16;;;;;3;18;;;;
MAT1113;Matematikk 1P-Y EL;Alle skoler;;;3,6;477;3,9;4 007;;;3,5;471;3,9;4 108;;;3,6;329;3,8;4 350
MAT1113;Matematikk 1P-Y EL;Alle skoler;;;3,6;477;3,9;4 007;;;3,5;471;3,9;4 108;;;3,6;329;3,8;4 350
MAT1113;Matematikk 1P-Y EL;Alle skoler;;;3,7;12;3,7;254;;;2,2;13;3,5;246;;;1,8;12;3,7;246
MAT1113;Matematikk 1P-Y EL;Bjørnholt videregående skole;;;;;3,1;49;;;;;2,9;48;;;*;*;3,1;56
MAT1113;Matematikk 1P-Y EL;Elvebakken videregående skole;;;*;*;4,4;62;;;;;4,1;56;;;;;4,3;53
MAT1113;Matematikk 1P-Y EL;Etterstad videregående skole;;;*;*;3,4;42;;;*;*;3,3;43;;;*;*;3,5;39
MAT1113;Matematikk 1P-Y EL;Kuben videregående skole;;;;;3,6;73;;;;;3,3;70;;;;;3,8;70
MAT1113;Matematikk 1P-Y EL;Ullern videregående skole;;;;;4,2;28;;;*;*;3,9;29;;;;;3,9;28
MAT1114;Matematikk 1P-Y EL, muntlig-praktisk;Alle skoler;3,8;26;;;;;4;9;;;;;3,8;34;;;;
MAT1114;Matematikk 1P-Y EL, muntlig-praktisk;Alle skoler;3,8;26;;;;;4;9;;;;;3,8;34;;;;
MAT1114;Matematikk 1P-Y EL, muntlig-praktisk;Alle skoler;3,4;16;;;;;;;;;;;3,5;10;;;;
MAT1114;Matematikk 1P-Y EL, muntlig-praktisk;Bjørnholt videregående skole;2,9;10;;;;;;;;;;;;;;;;
MAT1114;Matematikk 1P-Y EL, muntlig-praktisk;Kuben videregående skole;4,2;6;;;;;;;;;;;*;*;;;;
MAT1114;Matematikk 1P-Y EL, muntlig-praktisk;Ullern videregående skole;;;;;;;;;;;;;*;*;;;;
MAT1117;Matematikk 1P-Y HS;Alle skoler;;;3;487;3,5;7 010;;;3,1;416;3,4;6 629;;;2,8;376;3,4;7 142
MAT1117;Matematikk 1P-Y HS;Alle skoler;;;3;487;3,5;7 010;;;3,1;416;3,4;6 629;;;2,8;376;3,4;7 142
MAT1117;Matematikk 1P-Y HS;Alle skoler;;;*;*;2,9;437;;;2,6;43;3;347;;;*;*;3,1;364
MAT1117;Matematikk 1P-Y HS;Eikelund videregående skole;;;*;*;*;*;;;;;*;*;;;;;*;*
MAT1117;Matematikk 1P-Y HS;Hersleb videregående skole;;;;;2,7;55;;;*;*;2,8;34;;;;;3,1;57
MAT1117;Matematikk 1P-Y HS;Holtet videregående skole;;;;;2,4;69;;;;;2,4;46;;;;;;
MAT1117;Matematikk 1P-Y HS;Kuben videregående skole;;;2,7;10;2,8;94;;;;;2,8;101;;;;;2,8;123
MAT1117;Matematikk 1P-Y HS;Nydalen videregående skole;;;*;*;3,4;76;;;3,1;28;3,4;70;;;*;*;3,9;70
MAT1117;Matematikk 1P-Y HS;Oslo voksenopplæring Helsfyr;;;*;*;*;*;;;;;;;;;;;*;*
MAT1117;Matematikk 1P-Y HS;Oslo voksenopplæring Rosenhof;;;;;*;*;;;;;;;;;;;;
MAT1117;Matematikk 1P-Y HS;Oslo voksenopplæring Sinsen;;;;;;;;;;;*;*;;;;;;
MAT1117;Matematikk 1P-Y HS;Oslo voksenopplæring Skullerud;;;;;2,6;30;;;;;;;;;;;;
MAT1117;Matematikk 1P-Y HS;Stovner videregående skole;;;;;3,2;43;;;*;*;3,4;33;;;*;*;3,1;35
MAT1117;Matematikk 1P-Y HS;Ulsrud videregående skole;;;;;3;60;;;;;3;57;;;;;2,8;70
MAT1118;Matematikk 1P-Y HS, muntlig-praktisk;Alle skoler;3,1;58;;;;;3,8;84;;;;;3,5;44;;;;
MAT1118;Matematikk 1P-Y HS, muntlig-praktisk;Alle skoler;3,1;58;;;;;3,8;84;;;;;3,5;44;;;;
MAT1118;Matematikk 1P-Y HS, muntlig-praktisk;Alle skoler;2,8;12;;;;;;;;;;;3;9;;;;
MAT1118;Matematikk 1P-Y HS, muntlig-praktisk;Hersleb videregående skole;*;*;;;;;;;;;;;;;;;;
MAT1118;Matematikk 1P-Y HS, muntlig-praktisk;Holtet videregående skole;*;*;;;;;;;;;;;;;;;;
MAT1118;Matematikk 1P-Y HS, muntlig-praktisk;Kuben videregående skole;*;*;;;;;;;;;;;*;*;;;;
MAT1118;Matematikk 1P-Y HS, muntlig-praktisk;Ulsrud videregående skole;;;;;;;;;;;;;*;*;;;;
MAT1125;Matematikk 1P-Y RM;Alle skoler;;;2,9;31;3,5;1 050;;;2,6;30;3,5;1 070;;;2,7;82;3,4;1 240
MAT1125;Matematikk 1P-Y RM;Alle skoler;;;2,9;31;3,5;1 050;;;2,6;30;3,5;1 070;;;2,7;82;3,4;1 240
MAT1125;Matematikk 1P-Y RM;Alle skoler;;;*;*;3,4;54;;;2,7;9;3,9;61;;;*;*;3,2;74
MAT1125;Matematikk 1P-Y RM;Akademiet Norsk restaurantskole Sti;;;;;*;*;;;;;4;18;;;;;4;28
MAT1125;Matematikk 1P-Y RM;Etterstad videregående skole;;;*;*;*;*;;;2,7;9;3,9;43;;;*;*;2,7;46
MEL3006;Elenergi;Alle skoler;;;;;4,1;72;;;;;4;80;;;;;4,4;91
MEL3006;Elenergi;Alle skoler;;;;;4,1;72;;;;;4;80;;;;;4,4;91
MEL3007;Automasjon;Alle skoler;;;;;4;72;;;;;4;80;;;;;4,3;91
MEL3007;Automasjon;Alle skoler;;;;;4;72;;;;;4;80;;;;;4,3;91
MEL3008;Elektronisk kommunikasjon;Alle skoler;;;;;4,4;72;;;;;4,4;80;;;;;4,4;91
MEL3008;Elektronisk kommunikasjon;Alle skoler;;;;;4,4;72;;;;;4,4;80;;;;;4,4;91
MEL3009;Organisasjon og ledelse;Alle skoler;;;;;4,7;72;;;;;4,5;80;;;;;4,9;92
MEL3009;Organisasjon og ledelse;Alle skoler;;;;;4,7;72;;;;;4,5;80;;;;;4,9;92
MEL3010;Tverrfaglig eksamen maritim elektrikerfaget;Alle skoler;4,1;72;;;;;;;;;;;;;;;;
MEL3010;Tverrfaglig eksamen maritim elektrikerfaget;Alle skoler;4,1;72;;;;;;;;;;;;;;;;
MEL3104;Maritim elektrikerfaget, skriftlig;Alle skoler;;;;;;;;;3,3;80;;;;;2,7;91;;
MEL3104;Maritim elektrikerfaget, skriftlig;Alle skoler;;;;;;;;;3,3;80;;;;;2,7;91;;
MPR2001;Råvare, produksjon og kvalitet;Alle skoler;;;;;3,9;39;;;;;4,1;33;;;;;4,1;38
MPR2001;Råvare, produksjon og kvalitet;Alle skoler;;;;;3,9;39;;;;;4,1;33;;;;;4,1;38
MPR2002;Bransje og arbeidsliv;Alle skoler;;;;;3,6;41;;;;;3,7;32;;;;;3,9;38
MPR2002;Bransje og arbeidsliv;Alle skoler;;;;;3,6;41;;;;;3,7;32;;;;;3,9;38
MPR2003;Tverrfaglig eksamen kjøttfag og næringsmiddelindustri;Alle skoler;4;35;;;;;4,3;34;;;;;4,1;36;;;;
MPR2003;Tverrfaglig eksamen kjøttfag og næringsmiddelindustri;Alle skoler;4;35;;;;;4,3;34;;;;;4,1;36;;;;
NAT1009;Naturfag vg1 EL;Alle skoler;4,1;84;;;4,1;4 229;3,7;75;;;4;4 302;4,2;77;;;4,1;4 565
NAT1009;Naturfag vg1 EL;Alle skoler;4,1;84;;;4,1;4 229;3,7;75;;;4;4 302;4,2;77;;;4,1;4 565
NAT1009;Naturfag vg1 EL;Alle skoler;4;6;;;3,9;268;3,1;22;;;3,7;262;3;10;;;3,9;266
NAT1009;Naturfag vg1 EL;Bjørnholt videregående skole;;;;;3,2;46;3,2;6;;;2,7;45;*;*;;;3,1;57
NAT1009;Naturfag vg1 EL;Elvebakken videregående skole;;;;;4,6;62;*;*;;;4,2;59;;;;;4,6;58
NAT1009;Naturfag vg1 EL;Etterstad videregående skole;;;;;3,5;42;2,2;6;;;3,5;43;*;*;;;3,8;35
NAT1009;Naturfag vg1 EL;Kuben videregående skole;;;;;4,1;89;;;;;3,9;85;*;*;;;4;88
NAT1009;Naturfag vg1 EL;Ullern videregående skole;4;6;;;3,9;29;*;*;;;3,8;30;;;;;3,6;28
NAT1011;Naturfag vg1 HS;Alle skoler;4;101;;;3,8;6 833;4;101;;;3,8;6 547;4,3;115;;;3,8;7 086
NAT1011;Naturfag vg1 HS;Alle skoler;4;101;;;3,8;6 833;4;101;;;3,8;6 547;4,3;115;;;3,8;7 086
NAT1011;Naturfag vg1 HS;Alle skoler;2,7;7;;;3,3;378;;;;;3,3;331;*;*;;;3,4;356
NAT1011;Naturfag vg1 HS;Eikelund videregående skole;;;;;*;*;;;;;*;*;;;;;*;*
NAT1011;Naturfag vg1 HS;Hersleb videregående skole;;;;;2,7;54;;;;;2,7;36;;;;;2,8;55
NAT1011;Naturfag vg1 HS;Holtet videregående skole;;;;;2,9;66;;;;;2,7;45;;;;;;
NAT1011;Naturfag vg1 HS;Kuben videregående skole;;;;;3,3;94;;;;;3,4;101;*;*;;;3,3;123
NAT1011;Naturfag vg1 HS;Nydalen videregående skole;;;;;4,2;75;;;;;4;72;;;;;4,2;70
NAT1011;Naturfag vg1 HS;Oslo Vo Hovinbyen;;;;;;;;;;;*;*;;;;;;
NAT1011;Naturfag vg1 HS;Oslo voksenopplæring Helsfyr;;;;;*;*;;;;;;;;;;;;
NAT1011;Naturfag vg1 HS;Oslo voksenopplæring Sinsen;;;;;;;;;;;*;*;;;;;;
NAT1011;Naturfag vg1 HS;Oslo voksenopplæring Skullerud;;;;;*;*;;;;;;;;;;;;
NAT1011;Naturfag vg1 HS;Stovner videregående skole;*;*;;;3,8;40;;;;;3,5;33;;;;;*;*
NAT1011;Naturfag vg1 HS;Ulsrud videregående skole;*;*;;;2,7;42;;;;;2,7;35;;;;;3;66
NAT1015;Naturfag vg1 RM;Alle skoler;4,1;17;;;3,5;1 027;3,8;51;;;3,6;1 051;3,5;36;;;3,6;1 228
NAT1015;Naturfag vg1 RM;Alle skoler;4,1;17;;;3,5;1 027;3,8;51;;;3,6;1 051;3,5;36;;;3,6;1 228
NAT1015;Naturfag vg1 RM;Alle skoler;4,8;6;;;3,4;54;;;;;3,9;62;*;*;;;3,3;74
NAT1015;Naturfag vg1 RM;Akademiet Norsk restaurantskole Sti;4,8;6;;;*;*;;;;;4,5;18;3,8;6;;;4,1;28
NAT1015;Naturfag vg1 RM;Etterstad videregående skole;;;;;*;*;;;;;3,6;44;*;*;;;2,9;46
NOR1262;Norsk, vg2 yrkesfaglige utdanningsprogram;Alle skoler;;;3,9;886;3,8;23 750;;;3,4;2 516;3,8;24 927;;;3,3;2 869;3,8;24 726
NOR1262;Norsk, vg2 yrkesfaglige utdanningsprogram;Alle skoler;;;3,9;886;3,8;23 750;;;3,4;2 516;3,8;24 927;;;3,3;2 869;3,8;24 726
NOR1262;Norsk, vg2 yrkesfaglige utdanningsprogram;Alle skoler;;;4,3;25;3,6;1 107;;;3,3;116;3,7;1 127;;;3,3;105;3,7;1 063
NOR1262;Norsk, vg2 yrkesfaglige utdanningsprogram;Akademiet Norsk restaurantskole Sti;;;;;*;*;;;*;*;*;*;;;;;*;*
NOR1262;Norsk, vg2 yrkesfaglige utdanningsprogram;Akademiet Oslo AS;;;*;*;*;*;;;*;*;4,1;30;;;*;*;4,7;23
NOR1262;Norsk, vg2 yrkesfaglige utdanningsprogram;Bjørnholt videregående skole;;;*;*;2,9;71;;;*;*;3,4;75;;;*;*;3,4;71
NOR1262;Norsk, vg2 yrkesfaglige utdanningsprogram;Edvard Munch videregående skole;;;;;3,2;49;;;3,4;13;3,7;55;;;4,3;11;4;55
NOR1262;Norsk, vg2 yrkesfaglige utdanningsprogram;Eikelund videregående skole;;;;;*;*;;;;;*;*;;;;;*;*
NOR1262;Norsk, vg2 yrkesfaglige utdanningsprogram;Elvebakken videregående skole;;;*;*;4;81;;;4,4;10;4,5;60;;;3,8;12;4,1;75
NOR1262;Norsk, vg2 yrkesfaglige utdanningsprogram;Etterstad videregående skole;;;;;3;121;;;3,3;17;3,3;126;;;2;15;3,3;154
NOR1262;Norsk, vg2 yrkesfaglige utdanningsprogram;Fyrstikkalleen skole;;;*;*;4;44;;;;;3,8;44;;;2,9;13;3,8;44
NOR1262;Norsk, vg2 yrkesfaglige utdanningsprogram;Hellerud videregående skole;;;;;3,1;40;;;2,1;8;3,4;45;;;2,6;7;3,7;33
NOR1262;Norsk, vg2 yrkesfaglige utdanningsprogram;Hersleb videregående skole;;;;;3,5;51;;;;;3,6;55;;;;;3,5;38
NOR1262;Norsk, vg2 yrkesfaglige utdanningsprogram;Holtet videregående skole;;;;;3,2;37;;;;;3,3;35;;;;;;
NOR1262;Norsk, vg2 yrkesfaglige utdanningsprogram;Kuben videregående skole;;;3,6;7;3,7;244;;;3,5;15;3,6;257;;;2,8;9;3,6;272
NOR1262;Norsk, vg2 yrkesfaglige utdanningsprogram;Natur videregående skole Sti;;;;;3,9;35;;;;;*;*;;;*;*;*;*
NOR1262;Norsk, vg2 yrkesfaglige utdanningsprogram;Nydalen videregående skole;;;4,9;9;4;134;;;*;*;4,1;139;;;;;4,3;135
NOR1262;Norsk, vg2 yrkesfaglige utdanningsprogram;Oslo Handelsgymnasium;;;;;3,7;30;;;;;*;*;;;;;;
NOR1262;Norsk, vg2 yrkesfaglige utdanningsprogram;Oslo voksenopplæring Helsfyr;;;;;*;*;;;;;;;;;;;*;*
NOR1262;Norsk, vg2 yrkesfaglige utdanningsprogram;Stovner videregående skole;;;;;3,6;87;;;*;*;3,4;83;;;*;*;2,9;73
NOR1262;Norsk, vg2 yrkesfaglige utdanningsprogram;Ullern videregående skole;;;;;3,5;30;;;*;*;4,2;29;;;4;6;4,1;28
NOR1262;Norsk, vg2 yrkesfaglige utdanningsprogram;Ulsrud videregående skole;;;;;*;*;;;2,7;11;3,7;20;;;;;*;*
NOR1263;Norsk, vg2 yrkesfaglige utdanningsprogram, muntlig;Alle skoler;4,1;465;;;;;4;417;;;;;4,1;475;;;;
NOR1263;Norsk, vg2 yrkesfaglige utdanningsprogram, muntlig;Alle skoler;4,1;465;;;;;4;417;;;;;4,1;475;;;;
NOR1263;Norsk, vg2 yrkesfaglige utdanningsprogram, muntlig;Alle skoler;3,5;51;;;;;4;48;;;;;4,1;44;;;;
NOR1263;Norsk, vg2 yrkesfaglige utdanningsprogram, muntlig;Bjørnholt videregående skole;;;;;;;*;*;;;;;;;;;;
NOR1263;Norsk, vg2 yrkesfaglige utdanningsprogram, muntlig;Edvard Munch videregående skole;;;;;;;4,6;8;;;;;;;;;;
NOR1263;Norsk, vg2 yrkesfaglige utdanningsprogram, muntlig;Elvebakken videregående skole;;;;;;;;;;;;;4,2;6;;;;
NOR1263;Norsk, vg2 yrkesfaglige utdanningsprogram, muntlig;Etterstad videregående skole;3,5;11;;;;;3,5;11;;;;;4,2;16;;;;
NOR1263;Norsk, vg2 yrkesfaglige utdanningsprogram, muntlig;Kuben videregående skole;3,2;21;;;;;4,1;22;;;;;3,8;15;;;;
NOR1263;Norsk, vg2 yrkesfaglige utdanningsprogram, muntlig;Nydalen videregående skole;;;;;;;;;;;;;*;*;;;;
NOR1263;Norsk, vg2 yrkesfaglige utdanningsprogram, muntlig;Oslo Vo Hovinbyen;;;;;;;*;*;;;;;;;;;;
NOR1263;Norsk, vg2 yrkesfaglige utdanningsprogram, muntlig;Oslo voksenopplæring Helsfyr;*;*;;;;;;;;;;;*;*;;;;
NOR1263;Norsk, vg2 yrkesfaglige utdanningsprogram, muntlig;Stovner videregående skole;4;6;;;;;;;;;;;;;;;;
NOR1263;Norsk, vg2 yrkesfaglige utdanningsprogram, muntlig;Ullern videregående skole;*;*;;;;;;;;;;;;;;;;
RMF1006;Råvare, produksjon og kvalitet;Alle skoler;;;;;3,9;1 123;;;;;3,9;1 137;;;;;3,9;1 308
RMF1006;Råvare, produksjon og kvalitet;Alle skoler;;;;;3,9;1 123;;;;;3,9;1 137;;;;;3,9;1 308
RMF1006;Råvare, produksjon og kvalitet;Alle skoler;;;;;3,8;60;;;;;3,8;63;;;;;3,7;73
RMF1006;Råvare, produksjon og kvalitet;Akademiet Norsk restaurantskole Sti;;;;;*;*;;;;;4,3;19;;;;;4,4;28
RMF1006;Råvare, produksjon og kvalitet;Etterstad videregående skole;;;;;*;*;;;;;3,6;44;;;;;3,3;45
RMF1007;Bransje og arbeidsliv;Alle skoler;;;;;3,8;1 125;;;;;3,7;1 136;;;;;3,8;1 308
RMF1007;Bransje og arbeidsliv;Alle skoler;;;;;3,8;1 125;;;;;3,7;1 136;;;;;3,8;1 308
RMF1007;Bransje og arbeidsliv;Alle skoler;;;;;3,8;59;;;;;3,8;63;;;;;3,8;73
RMF1007;Bransje og arbeidsliv;Akademiet Norsk restaurantskole Sti;;;;;*;*;;;;;3,8;19;;;;;4,3;28
RMF1007;Bransje og arbeidsliv;Etterstad videregående skole;;;;;*;*;;;;;3,8;44;;;;;3,5;45
ROM3007;Elektronikk og kommunikasjonsteknologi;Alle skoler;;;;;;;;;;;;;;;;;4,2;18
ROM3007;Elektronikk og kommunikasjonsteknologi;Alle skoler;;;;;;;;;;;;;;;;;4,2;18
ROM3008;Romteknologi og satellitteknikk;Alle skoler;;;;;;;;;;;;;;;;;4,6;18
ROM3008;Romteknologi og satellitteknikk;Alle skoler;;;;;;;;;;;;;;;;;4,6;18
ROM3009;Telemetri;Alle skoler;;;;;;;;;;;;;;;;;4;18
ROM3009;Telemetri;Alle skoler;;;;;;;;;;;;;;;;;4;18
ROM3010;Romfysikk;Alle skoler;;;;;;;;;;;;;;;;;3,8;18
ROM3010;Romfysikk;Alle skoler;;;;;;;;;;;;;;;;;3,8;18
ROM3011;Fjernanalyse og geografiske informasjonssystemer;Alle skoler;;;;;;;;;;;;;4,5;6;;;3,7;18
ROM3011;Fjernanalyse og geografiske informasjonssystemer;Alle skoler;;;;;;;;;;;;;4,5;6;;;3,7;18
ROM3012;Tverrfaglig eksamen romteknologi;Alle skoler;;;;;;;;;;;;;4,5;17;;;;
ROM3012;Tverrfaglig eksamen romteknologi;Alle skoler;;;;;;;;;;;;;4,5;17;;;;
TAN3005;Smittevern, tannanatomi og fysiologi;Alle skoler;;;;;4;112;;;;;3,6;123;;;;;4,1;108
TAN3005;Smittevern, tannanatomi og fysiologi;Alle skoler;;;;;4;112;;;;;3,6;123;;;;;4,1;108
TAN3005;Smittevern, tannanatomi og fysiologi;Alle skoler;;;;;3,8;12;;;;;3,8;16;;;;;4,4;15
TAN3005;Smittevern, tannanatomi og fysiologi;Hersleb videregående skole;;;;;3,8;12;;;;;3,8;16;;;;;4,4;15
TAN3006;Kommunikasjon og samhandling;Alle skoler;;;;;4,1;113;;;;;3,8;123;;;;;4,2;107
TAN3006;Kommunikasjon og samhandling;Alle skoler;;;;;4,1;113;;;;;3,8;123;;;;;4,2;107
TAN3006;Kommunikasjon og samhandling;Alle skoler;;;;;4,2;12;;;;;4,6;16;;;;;4,7;15
TAN3006;Kommunikasjon og samhandling;Hersleb videregående skole;;;;;4,2;12;;;;;4,6;16;;;;;4,7;15
TAN3007;Yrkesliv i tannhelsesekretærfaget;Alle skoler;;;;;4,1;111;;;;;3,9;119;;;;;4,4;108
TAN3007;Yrkesliv i tannhelsesekretærfaget;Alle skoler;;;;;4,1;111;;;;;3,9;119;;;;;4,4;108
TAN3007;Yrkesliv i tannhelsesekretærfaget;Alle skoler;;;;;4;12;;;;;4,5;16;;;;;5,6;15
TAN3007;Yrkesliv i tannhelsesekretærfaget;Hersleb videregående skole;;;;;4;12;;;;;4,5;16;;;;;5,6;15
TAN3008;Tverrfaglig eksamen, tannhelsesekretær;Alle skoler;4,1;189;;;;;3,6;128;;;;;4,1;114;;;;
TAN3008;Tverrfaglig eksamen, tannhelsesekretær;Alle skoler;4,1;189;;;;;3,6;128;;;;;4,1;114;;;;
TAN3008;Tverrfaglig eksamen, tannhelsesekretær;Alle skoler;4,1;19;;;;;3,8;25;;;;;4,4;16;;;;
TAN3008;Tverrfaglig eksamen, tannhelsesekretær;Hersleb videregående skole;3,9;9;;;;;3,8;18;;;;;*;*;;;;
TAN3008;Tverrfaglig eksamen, tannhelsesekretær;Oslo voksenopplæring Sinsen;4,2;10;;;;;3,7;7;;;;;*;*;;;;
